Freebase Club Key	Club Name	Freebase Stadium Key	Stadium Name	Freebase relation
m.05p3xp	1. FC Saarbrücken	m.09x36g	Ludwigsparkstadion	sports.sports_team.arena_stadium
m.01hwgt	Energie Cottbus	m.0c9nh5	Stadion der Freundschaft	sports.sports_team.arena_stadium
m.090q8l	Stuttgarter Kickers	m.027tp3g	Waldau-Stadion	sports.sports_team.arena_stadium
m.06k90b	FC Carl Zeiss Jena	m.0d42zj	Ernst-Abbe-Sportfeld	sports.sports_team.arena_stadium
m.09cd3s	SV Waldhof Mannheim	m.09k7jr8	Stadion am Alsenweg	sports.sports_team.arena_stadium
m.042l8n	FC Sion	m.02ql7vp	Tourbillon Castle	sports.sports_team.arena_stadium
m.06lc85	Anorthosis Famagusta FC	m.0d5jz2	Antonis Papadopoulos Stadium	sports.sports_team.arena_stadium
m.06xm_k	Neuchâtel Xamax	m.0c6967	Stade de la Maladière	sports.sports_team.arena_stadium
m.088mnw	Rot Weiss Ahlen	m.09sq9p	Weserstadion	sports.sports_team.arena_stadium
m.0544vh	Colo-Colo	m.08lqf1	Estadio Monumental David Arellano	sports.sports_team.arena_stadium
m.03mghh	AEK Larnaca F.C.	m.05zpr_p	DU Stadium	sports.sports_team.arena_stadium
m.03mp6b	Brøndby IF	m.07zwpz	Brøndby Stadium	sports.sports_team.arena_stadium
m.05cvcp	Figueirense Futebol Clube	m.04gtlnp	Orlando	sports.sports_team.arena_stadium
m.0906w9	PFC Spartak Nalchik	m.0gc6mz	Spartak Stadium	sports.sports_team.arena_stadium
m.07_l61	FC Erzgebirge Aue	m.0cgky3	Sparkassen-Erzgebirgsstadion	sports.sports_team.arena_stadium
m.0b_ljy	FC Karpaty Lviv	m.0cp08f	Ukraina Stadium	sports.sports_team.arena_stadium
m.06lckm	FC Thun	m.06yf_4	Stockton Arena	sports.sports_team.arena_stadium
m.04knh6	Club Universitario de Deportes	m.0cbjbm	Estadio Olímpico	sports.sports_team.arena_stadium
m.09713m	FC Universitatea Cluj	m.05256m_	Cluj Arena	sports.sports_team.arena_stadium
m.09qqg0	Alki Larnaca F.C.	m.05zpr_p	DU Stadium	sports.sports_team.arena_stadium
m.0ksy_	Recreativo de Huelva	m.0bv6dg	Estadio Nuevo Colombino	sports.sports_team.arena_stadium
m.0bgfgt	PFC Slavia Sofia	m.0bdjn4	Ovcha Kupel Stadium	sports.sports_team.arena_stadium
m.0bc0hg	VfB Lübeck	m.027tnvw	Stadion an der Lohmühle	sports.sports_team.arena_stadium
m.0d2psv	SuperSport United F.C.	m.05zpr_p	DU Stadium	sports.sports_team.arena_stadium
m.0f1k__	AC Bellinzona	m.047bydw	Stadio Comunale Bellinzona	sports.sports_team.arena_stadium
m.0bk17k	SSV Jahn Regensburg	m.09k6rhw	Jahnstadion	sports.sports_team.arena_stadium
m.07c2wt	PFC Lokomotiv Plovdiv	m.0hrglwv	Lokomotiv Stadium	sports.sports_team.arena_stadium
m.04kngf	Alianza Lima	m.09xdgl	Estadio Alejandro Villanueva	sports.sports_team.arena_stadium
m.03fn5d	FK Ventspils	m.0fq0vwk	Central Stadium	sports.sports_team.arena_stadium
m.02psgvg	FC Bayern Munich II	m.0czrdd	Grünwalder Stadion	sports.sports_team.arena_stadium
m.07nltx	FC Nordsjælland	m.0k2yx2n	Farm Park	sports.sports_team.arena_stadium
m.090q3j	Wuppertaler SV	m.0261bsn	Stadion am Zoo	sports.sports_team.arena_stadium
m.01vcnl	Maccabi Haifa F.C.	m.05zpr_p	DU Stadium	sports.sports_team.arena_stadium
m.082237	Grenoble Foot 38	m.03d4ts9	Stade des Alpes	sports.sports_team.arena_stadium
m.04j6dg	Sporting Cristal	m.0cblcq	Estadio Alberto Gallardo	sports.sports_team.arena_stadium
m.09451k	FC Ingolstadt 04	m.0b__fy9	Audi Sportpark	sports.sports_team.arena_stadium
m.0ly8z	Rosenborg BK	m.06rnvg	Lerkendal Stadion	sports.sports_team.arena_stadium
m.0lz03	Lillestrøm SK	m.065zm4	Åråsen Stadion	sports.sports_team.arena_stadium
m.01b8d6	SK Brann	m.045178	Brann Stadion	sports.sports_team.arena_stadium
m.026mg4j	FC Sibir Novosibirsk	m.0gc6mz	Spartak Stadium	sports.sports_team.arena_stadium
m.09nzn6	Enosis Neon Paralimni FC	m.05zpr_p	DU Stadium	sports.sports_team.arena_stadium
m.05kjc6	Deportivo Cali	m.09y0l1	Estadio Deportivo Cali	sports.sports_team.arena_stadium
m.03mg3l	PFC Litex Lovech	m.0h5t63	Gradski stadion	sports.sports_team.arena_stadium
m.01p0mx	SV Wacker Burghausen	m.062wn9	Mackey Arena	sports.sports_team.arena_stadium
m.098r1q	FC Illichivets Mariupol	m.0ggb8s3	Meteor Stadium	sports.sports_team.arena_stadium
m.04jnd7	Club Necaxa	m.09sqqp	Stadio della Vittoria	sports.sports_team.arena_stadium
m.0bqr7_	Iraklis Thessaloniki F.C.	m.03qfj2	Kaftanzoglio Stadium	sports.sports_team.arena_stadium
m.056jrs	Helsingborgs IF	m.064n1t	Olympia	sports.sports_team.arena_stadium
m.06jd89	Odense Boldklub	m.09_5_r	TRE-FOR Park	sports.sports_team.arena_stadium
m.06c7mk	Vejle Boldklub	m.05v6nsk	Car Park	sports.sports_team.arena_stadium
m.03mgdy	Servette FC	m.08b3cw	Stade de Genève	sports.sports_team.arena_stadium
m.08z40p	FC Luch-Energiya Vladivostok	m.06yrz0	Dinamo	sports.sports_team.arena_stadium
m.09w7ry	FC Rot-Weiß Erfurt	m.0g8405	Steigerwaldstadion	sports.sports_team.arena_stadium
m.073hkx	PFC Lokomotiv Sofia	m.0hrglwv	Lokomotiv Stadium	sports.sports_team.arena_stadium
m.0l6r_	CD Numancia	m.0bv6g9	Nuevo Estadio Los Pajaritos	sports.sports_team.arena_stadium
m.0dtvz4	Amiens SC	m.0fv8s_	Stade de la Licorne	sports.sports_team.arena_stadium
m.0dy68h	Angers SCO	m.0ch6n0	Stade Jean-Bouin	sports.sports_team.arena_stadium
m.041jk9	Puerto Rico Islanders	m.03dhxy	Juan Ramón Loubriel Stadium	sports.sports_team.arena_stadium
m.02qjb_	KV Mechelen	m.0bxsrd	Argosstadion Achter de Kazerne	sports.sports_team.arena_stadium
m.051hhz	K.S.C. Lokeren Oost-Vlaanderen	m.0bydxk	Daknamstadion	sports.sports_team.arena_stadium
m.07s5fz	Shandong Luneng Taishan F.C.	m.0gg84yw	Luoyang Stadium	sports.sports_team.arena_stadium
m.026mgdf	FC Volgar Astrakhan	m.05zlhq1	Zentralstadion	sports.sports_team.arena_stadium
m.04jbyg	De Graafschap	m.0bv8q8	De Vijverberg	sports.sports_team.arena_stadium
m.07c404	FC Midtjylland	m.09lfhk	MCH Arena	sports.sports_team.arena_stadium
m.07c3bv	OFK Beograd	m.0c67xc	Omladinski Stadium	sports.sports_team.arena_stadium
m.0992bv	FC Volyn Lutsk	m.0d_1q5	Avangard Stadium	sports.sports_team.arena_stadium
m.07cq7d	Club Atlético Huracán	m.08bwmz	Estadio Tomás Adolfo Ducó	sports.sports_team.arena_stadium
m.04x8cp	Estudiantes Tecos	m.06flfg	Estadio Tres de Marzo	sports.sports_team.arena_stadium
m.048hw3	C.D. Marathón	m.09v5_c	Estadio Olímpico Metropolitano	sports.sports_team.arena_stadium
m.09y0_n	Caracas FC	m.08dzng	Ciudad Universitaria	sports.sports_team.arena_stadium
m.02rg5rm	Steel Azin F.C.	m.07zq_v	Shahid Dastgerdi Stadium	sports.sports_team.arena_stadium
m.08lmt7	Randers FC	m.0cwwl6	AutoC Park Randers	sports.sports_team.arena_stadium
m.03f_gs	Strømsgodset IF	m.0271m3_	Marienlyst Stadion	sports.sports_team.arena_stadium
m.0b86vl	KSV Hessen Kassel	m.027tnsg	Auestadion	sports.sports_team.arena_stadium
m.090q6g	FC 08 Homburg	m.02_ww3f	Waldstadion	sports.sports_team.arena_stadium
m.0f83g2	Hapoel Be'er Sheva F.C.	m.02632h5	Vasermil Stadium	sports.sports_team.arena_stadium
m.0cr8ts	Córdoba CF	m.0d6cjd	Estadio Nuevo Arcángel	sports.sports_team.arena_stadium
m.06y7nz	AS Cannes	m.06bd96	Stade Pierre de Coubertin	sports.sports_team.arena_stadium
m.01fcmh	Viking FK	m.0947rb	Viking Stadion	sports.sports_team.arena_stadium
m.04bjff	Aalesunds FK	m.0947ym	Color Line Stadion	sports.sports_team.arena_stadium
m.06wh9c	NK Domžale	m.05v6nsk	Car Park	sports.sports_team.arena_stadium
m.0d_7hz	FC Lviv	m.0cp08f	Ukraina Stadium	sports.sports_team.arena_stadium
m.0c5wln	FC Schaffhausen	m.0c6956	Stadion Breite	sports.sports_team.arena_stadium
m.03qlgxv	Ermis Aradippou	m.0c3p01	Ammochostos Stadium	sports.sports_team.arena_stadium
m.043rbs2	PRK Hekari United	m.0by139g	PMRL Stadium	sports.sports_team.arena_stadium
m.03mqhw	HNK Rijeka	m.083sms	Stadion Kantrida	sports.sports_team.arena_stadium
m.0f48m9	Sanat Mes Kerman F.C.	m.05zpr_p	DU Stadium	sports.sports_team.arena_stadium
m.05khm9	América de Cali	m.0686p7	Estadio Olímpico Pascual Guerrero	sports.sports_team.arena_stadium
m.04crymy	Sun Pegasus FC	m.05g1ld	Mong Kok Stadium	sports.sports_team.arena_stadium
m.09y016	Deportivo Táchira	m.0c89yh	Estadio Polideportivo de Pueblo Nuevo	sports.sports_team.arena_stadium
m.04lhft	Dalian Shide F.C.	m.0b8pld	Jinzhou Stadium	sports.sports_team.arena_stadium
m.0bg495	Kickers Emden	m.0c9nfr	Ostfriesland-Stadion	sports.sports_team.arena_stadium
m.040g2h	L.D. Alajuelense	m.0c724r	Estadio Alejandro Morera Soto	sports.sports_team.arena_stadium
m.026n13j	AC Arles-Avignon	m.07kcggf	Parc des Sports	sports.sports_team.arena_stadium
m.0747k8	UD Las Palmas	m.0b0s3g	Estadio Gran Canaria	sports.sports_team.arena_stadium
m.09yg6l	Ismaily SC	m.05zpr_p	DU Stadium	sports.sports_team.arena_stadium
m.0d79ty	Indios de Ciudad Juárez	m.0ftdv6	Estadio Olímpico Benito Juárez	sports.sports_team.arena_stadium
m.08rykw	FC Rotor Volgograd	m.05zlhq1	Zentralstadion	sports.sports_team.arena_stadium
m.0d5x0z	Hapoel Petah Tikva F.C.	m.026bv1x	HaMoshava Stadium	sports.sports_team.arena_stadium
m.040fx_	C.S.D. Municipal	m.061v46	Estadio Mateo Flores	sports.sports_team.arena_stadium
m.08816k	ASEC Mimosas	m.09sbln	Stade Félix Houphouët-Boigny	sports.sports_team.arena_stadium
m.06q02g	Heracles Almelo	m.0b8x8l	Polman Stadion	sports.sports_team.arena_stadium
m.07c3h2	NK Celje	m.0crlcx	Arena Petrol	sports.sports_team.arena_stadium
m.046n4q	RKC Waalwijk	m.0b8xdd	Mandemakers Stadion	sports.sports_team.arena_stadium
m.0crjp5	FC Cartagena	m.09g8c_k	Estadio Municipal de Pasarón	sports.sports_team.arena_stadium
m.06y9lx	Unión Española	m.0c7s3t	Estadio Santa Laura-Universidad SEK	sports.sports_team.arena_stadium
m.01xn70k	Hapoel Ironi Kiryat Shmona	m.0gchkn	Municipal Stadium	sports.sports_team.arena_stadium
m.03mgk9	Maccabi Petah Tikva F.C.	m.026bv1x	HaMoshava Stadium	sports.sports_team.arena_stadium
m.0m3tn	Odds BK	m.02625ky	Skagerak Arena	sports.sports_team.arena_stadium
m.01n_jl	Foolad F.C.	m.02757zy	Kadir Has Stadium	sports.sports_team.arena_stadium
m.093142	Changchun Yatai F.C.	m.05zpr_p	DU Stadium	sports.sports_team.arena_stadium
m.08lg27	SønderjyskE	m.05znfz0	Swedbank Park	sports.sports_team.arena_stadium
m.0752qj	C.F. Estrela da Amadora	m.08xnv_	Estádio José Gomes	sports.sports_team.arena_stadium
m.0gj2r4	Caledonia AIA F.C.	m.05zpr_p	DU Stadium	sports.sports_team.arena_stadium
m.0czqzv	C.S.D. Comunicaciones	m.061v34	Estadio Cementos Progreso	sports.sports_team.arena_stadium
m.03mp54	IF Elfsborg	m.067kd0	Borås Arena	sports.sports_team.arena_stadium
m.0bwh6jq	Antigua Barracuda FC	m.05zpr_p	DU Stadium	sports.sports_team.arena_stadium
m.0g7s1n	RCD Espanyol B	m.0k2h_6j	La Ciutat Esportiva	sports.sports_team.arena_stadium
m.087_xx	Hapoel Haifa F.C.	m.05zpr_p	DU Stadium	sports.sports_team.arena_stadium
m.0gfw56	Liberty Professionals F.C.	m.05v6nsk	Car Park	sports.sports_team.arena_stadium
m.0dptws	FC Chernomorets Novorossiysk	m.05zlhq1	Zentralstadion	sports.sports_team.arena_stadium
m.0803sh	Tianjin Teda F.C.	m.0djxks	Tianjin Olympic Center Stadium	sports.sports_team.arena_stadium
m.056c9x	FC Obolon-Brovar Kyiv	m.027zkr0	Obolon	sports.sports_team.arena_stadium
m.0h5fzf	1. FFC Frankfurt	m.0c9nh5	Stadion der Freundschaft	sports.sports_team.arena_stadium
m.09bkc6	A.S. Varese 1910	m.04ydcfx	Stadio Franco Ossola	sports.sports_team.arena_stadium
m.02qkjy8	FC Aktobe	m.05zlhq1	Zentralstadion	sports.sports_team.arena_stadium
m.0f1lf8	SC Kriens	m.0h1bv1d	Stadion Kleinfeld	sports.sports_team.arena_stadium
m.098217	Boldklubben Frem	m.0g07h0	Valby Idrætspark	sports.sports_team.arena_stadium
m.09l6s5	FC Kharkiv	m.06yrz0	Dinamo	sports.sports_team.arena_stadium
m.02rq1c6	PAS Hamedan F.C.	m.0gg7hyw	Shahid Mofatteh Stadium	sports.sports_team.arena_stadium
m.027vdly	Atlético Madrid B	m.076421	Vicente Calderón Stadium	sports.sports_team.arena_stadium
m.09kpf8	Guizhou Renhe F.C.	m.0bwl694	Guiyang Olympic Sports Center	sports.sports_team.arena_stadium
m.0bsnbs	Al-Hilal	m.09s88f	Khalifa International Stadium	sports.sports_team.arena_stadium
m.027q81q	Henan Jianye F.C.	m.03cjt65	Zhengzhou Hanghai Stadium	sports.sports_team.arena_stadium
m.03mqq4	Bnei Sakhnin F.C.	m.01_2hc	Aloha Stadium	sports.sports_team.arena_stadium
m.026xx5_	Ñublense	m.02kx43k	Nelson	sports.sports_team.arena_stadium
m.02r4tx_	CS Otopeni	m.05zpr_p	DU Stadium	sports.sports_team.arena_stadium
m.0f1l87	FC Locarno	m.0kgdhd9	Lido	sports.sports_team.arena_stadium
m.07vy1s	Sorinet F.C.	m.05zpr_p	DU Stadium	sports.sports_team.arena_stadium
m.0dt7rs	Crystal Palace Baltimore	m.05zpr_p	DU Stadium	sports.sports_team.arena_stadium
m.034_cr	Turun Palloseura	m.06896k	Veritas Stadion	sports.sports_team.arena_stadium
m.0d4n23	Club Deportivo Universidad de San Martín de Porres	m.0cblds	Estadio Miguel Grau	sports.sports_team.arena_stadium
m.040fwy	C.D. Motagua	m.09xcxy	Estadio Tiburcio Carías Andino	sports.sports_team.arena_stadium
m.03cqr_1	FC Vityaz Podolsk	m.0c62kj	Trud Stadium	sports.sports_team.arena_stadium
m.048vyp	W Connection F.C.	m.05zpr_p	DU Stadium	sports.sports_team.arena_stadium
m.0d6kg2	Cúcuta Deportivo	m.09y0mg	Estadio General Santander	sports.sports_team.arena_stadium
m.07ycgl	Paykan F.C.	m.05zpr_p	DU Stadium	sports.sports_team.arena_stadium
m.0d7w60	Santiago Morning	m.027464x	Estadio Municipal de La Cisterna	sports.sports_team.arena_stadium
m.07s38b	Sun Hei SC	m.07rbn2	Tsing Yi Sports Ground	sports.sports_team.arena_stadium
m.073hgj	PFC Belasitsa Petrich	m.05zpr_p	DU Stadium	sports.sports_team.arena_stadium
m.0536hd	Liaoning Whowin F.C.	m.0bmklqf	Jinju Stadium	sports.sports_team.arena_stadium
m.06lgqq	Home United FC	m.05v6nsk	Car Park	sports.sports_team.arena_stadium
m.08132w	Droylsden F.C.	m.0g7b0w	Butcher's Arms Ground	sports.sports_team.arena_stadium
m.0324t8	Arka Gdynia	m.0c5_b4	Stadion GOSiR	sports.sports_team.arena_stadium
m.032cwj	Júbilo Iwata	m.0b8r3n	Yamaha Stadium	sports.sports_team.arena_stadium
m.027v6cq	Hangzhou Greentown F.C.	m.0266804	Yellow Dragon Sports Center	sports.sports_team.arena_stadium
m.04kmx_	Cork City F.C.	m.06j4zx	Turners Cross	sports.sports_team.arena_stadium
m.0g9x9z9	Amicale F.C.	m.0cf8dy	PAL Stadium	sports.sports_team.arena_stadium
m.026139w	KF Skënderbeu Korçë	m.02rgg78	Skënderbeu Stadium	sports.sports_team.arena_stadium
m.07s1z9	Saipa F.C.	m.0dpjgz	Enghelab Stadium	sports.sports_team.arena_stadium
m.0f1l5b	FC Chiasso	m.0btk9y	Stadio Comunale	sports.sports_team.arena_stadium
m.027m5ts	PFC Pirin Blagoevgrad	m.05zpr_p	DU Stadium	sports.sports_team.arena_stadium
m.029n80	SC Cambuur	m.0cg98v	Cambuur Stadion	sports.sports_team.arena_stadium
m.08lg0g	Silkeborg IF	m.02q__wc	Buscot Park	sports.sports_team.arena_stadium
m.05gk3y	Örgryte IS	m.03xzrr	Gamla Ullevi	sports.sports_team.arena_stadium
m.05zxnx	GAIS	m.03xzrr	Gamla Ullevi	sports.sports_team.arena_stadium
m.0cyt0y	FK Baumit Jablonec	m.0dgcbr	Chance Arena	sports.sports_team.arena_stadium
m.04kr26	Shenzhen Ruby F.C.	m.0b0llm	Shenzhen Stadium	sports.sports_team.arena_stadium
m.0kzgn	Racing de Ferrol	m.0bv69_	Estadio de A Malata	sports.sports_team.arena_stadium
m.03tcwm	Deportivo Alavés	m.07_n9w	Mendizorrotza Stadium	sports.sports_team.arena_stadium
m.0gf4zs	Saint George F.C.	m.09xct1	Addis Ababa Stadium	sports.sports_team.arena_stadium
m.0275c_y	Club Atlético River Plate	m.05fd38	Estadio Monumental Antonio Vespucio Liberti	sports.sports_team.arena_stadium
m.02wwwrs	FK Jagodina	m.0h5t63	Gradski stadion	sports.sports_team.arena_stadium
m.02vyjn	FK Borac Banja Luka	m.0h5t63	Gradski stadion	sports.sports_team.arena_stadium
m.05zqnsj	FC Neftekhimik Nizhnekamsk	m.0cmckv	Neftekhimik Ice Palace	sports.sports_team.arena_stadium
m.0gg9ky	Kwara United F.C.	m.05zpr_p	DU Stadium	sports.sports_team.arena_stadium
m.0dg68d	Free State Stars F.C.	m.05zpr_p	DU Stadium	sports.sports_team.arena_stadium
m.0f15tn	Al-Ittihad SC Aleppo	m.02px2sr	Aleppo International Stadium	sports.sports_team.arena_stadium
m.04knmx	Drogheda United F.C.	m.0c4v76	Hunky Dorys Park	sports.sports_team.arena_stadium
m.0ghd6l	Selangor FA	m.05zpr_p	DU Stadium	sports.sports_team.arena_stadium
m.06jftw	FC Inter Turku	m.06896k	Veritas Stadion	sports.sports_team.arena_stadium
m.0fl_56	ENPPI Club	m.080fnt6	Petro Sport Stadium	sports.sports_team.arena_stadium
m.02qcjg9	FC Nosta Novotroitsk	m.0gwzql0	Yunost Stadium	sports.sports_team.arena_stadium
m.06c3rh	Joe Public F.C.	m.0gj45j	Marvin Lee Stadium	sports.sports_team.arena_stadium
m.05zj9gj	FC Rubin-2 Kazan	m.0bx_dgd	Kazan-arena	sports.sports_team.arena_stadium
m.0fsck4	FC Wohlen	m.0h1fwjz	Stadion Niedermatten	sports.sports_team.arena_stadium
m.05nwh6	Esporte Clube Santo André	m.08xhqk	Estádio Bruno José Daniel	sports.sports_team.arena_stadium
m.06v3jf	SC Veendam	m.0cg9cz	De Langeleegte	sports.sports_team.arena_stadium
m.0d7w09	C.D. Palestino	m.027464x	Estadio Municipal de La Cisterna	sports.sports_team.arena_stadium
m.05kpwq	FK Teplice	m.0bx760	Na Stínadlech	sports.sports_team.arena_stadium
m.070skd	Moroka Swallows F.C.	m.09rth49	Dobsonville Stadium	sports.sports_team.arena_stadium
m.0d4mq2	Coronel Bolognesi	m.0cbls7	Estadio Jorge Basadre	sports.sports_team.arena_stadium
m.09pf8w	Heartland F.C.	m.05zpr_p	DU Stadium	sports.sports_team.arena_stadium
m.03nh6t	Kawasaki Frontale	m.02vm_z2	Kawasaki Stadium	sports.sports_team.arena_stadium
m.04d6t4	Kashiwa Reysol	m.05zpr_p	DU Stadium	sports.sports_team.arena_stadium
m.0d7wf1	C.D. Universidad de Concepción	m.09xdg6	Estadio Municipal de Concepción	sports.sports_team.arena_stadium
m.0dfb5w	SV Wilhelmshaven	m.027tnsg	Auestadion	sports.sports_team.arena_stadium
m.02x0l2y	SC Schwanenstadt	m.0261bsn	Stadion am Zoo	sports.sports_team.arena_stadium
m.09m102	Qingdao Jonoon F.C.	m.05zpr_p	DU Stadium	sports.sports_team.arena_stadium
m.026ljqt	La Equidad	m.02q3ddf	Estadio Metropolitano de Techo	sports.sports_team.arena_stadium
m.03yj_fx	Muangthong United F.C.	m.09gm06b	SCG Stadium	sports.sports_team.arena_stadium
m.0b4ckq	Citizen AA	m.07rbn2	Tsing Yi Sports Ground	sports.sports_team.arena_stadium
m.046k81	San Juan Jabloteh F.C.	m.069t_t	Hasely Crawford Stadium	sports.sports_team.arena_stadium
m.0frd0j	JK Viljandi Tulevik	m.0gcf6j	Viljandi linnastaadion	sports.sports_team.arena_stadium
m.0h030g	FC Naftovyk-Ukrnafta Okhtyrka	m.02wxf4k	Naftovyk Stadium	sports.sports_team.arena_stadium
m.03fdmh	FC Haka	m.0c3r7b	Tehtaan kenttä	sports.sports_team.arena_stadium
m.057hrcy	AS Tefana	m.0gg5j62	Stade Louis Ganivet	sports.sports_team.arena_stadium
m.08zqcb	FC Shakhter Karagandy	m.05zlhq1	Zentralstadion	sports.sports_team.arena_stadium
m.0fm1yd	Al-Ansar SC	m.0bv688	Ipurua Municipal Stadium	sports.sports_team.arena_stadium
m.065q1w	Kyoto Sanga F.C.	m.05zpr_p	DU Stadium	sports.sports_team.arena_stadium
m.0dg1qv	Maccabi Herzliya F.C.	m.0f01k3	Herzliya Municipal Stadium	sports.sports_team.arena_stadium
m.0cm0kg	FC Koper	m.0dgf2n	Bonifika Stadium	sports.sports_team.arena_stadium
m.02pzfz6	Deportes Iquique	m.05b0z9r	Estadio Tierra de Campeones	sports.sports_team.arena_stadium
m.02r5bj7	FC Unirea Alba Iulia	m.04n6s0d	Stadionul Cetate	sports.sports_team.arena_stadium
m.02vsqn1	Sevilla Atlético	m.03yf_mn	Ciudad Deportiva	sports.sports_team.arena_stadium
m.043dnh	Shonan Bellmare	m.0dkj1d	Shonan BMW Stadium Hiratsuka	sports.sports_team.arena_stadium
m.06kq4b	Kuopion Palloseura	m.0c3rb3	Savon Sanomat Areena	sports.sports_team.arena_stadium
m.05s_wxb	CA Osasuna B	m.0bp908	El Sadar Stadium	sports.sports_team.arena_stadium
m.09swdq	C.D. Victoria	m.0c75m0	Estadio Nilmo Edwards	sports.sports_team.arena_stadium
m.09hj7y	Auckland City FC	m.0dkgv5	Kiwitea Street	sports.sports_team.arena_stadium
m.0ghcq_	Sriwijaya F.C.	m.05zpr_p	DU Stadium	sports.sports_team.arena_stadium
m.0gptz4	Sporting San Miguelito	m.03c22c6	Estadio Bernardo Gil	sports.sports_team.arena_stadium
m.05z8f5	BK Häcken	m.05gvx4	Lithia Park	sports.sports_team.arena_stadium
m.083fpc	FK Haugesund	m.02wwkxr	Haugesund Stadion	sports.sports_team.arena_stadium
m.057pp2	K.A.S. Eupen	m.0c02qlw	Kehrweg Stadion	sports.sports_team.arena_stadium
m.02vpbsg	VfB Stuttgart II	m.06f4cv	Mercedes-Benz Arena	sports.sports_team.arena_stadium
m.0d4my5	Sport Boys	m.0cblds	Estadio Miguel Grau	sports.sports_team.arena_stadium
m.06_xr8	FC Irtysh Pavlodar	m.05zlhq1	Zentralstadion	sports.sports_team.arena_stadium
m.03mn_r	SK Sigma Olomouc	m.0c3p6c	Andrův stadion	sports.sports_team.arena_stadium
m.0d8_z8	Al-Ahli	m.0ddh5vg	King Abdullah Sports City	sports.sports_team.arena_stadium
m.0b0vgq	FC Bayern Munich	m.04wwh0	Allianz Arena	sports.sports_team.arena_stadium
m.09n4_l	Team Wellington	m.05v6nsk	Car Park	sports.sports_team.arena_stadium
m.05sw7s	Halmstads BK	m.0bctx3	Örjans Vall	sports.sports_team.arena_stadium
m.0661pyh	Borussia Dortmund II	m.05v6nsk	Car Park	sports.sports_team.arena_stadium
m.09xr_3	FC Wacker Innsbruck	m.05h4swb	Tivoli	sports.sports_team.arena_stadium
m.03m7_9_	Sporting Fingal F.C.	m.05qbs4	Dalymount Park	sports.sports_team.arena_stadium
m.0819td	Deportivo Pereira	m.0b8tq5	Estadio Hernán Ramírez Villegas	sports.sports_team.arena_stadium
m.0d7vwn	Deportes La Serena	m.0dg7dj	Estadio La Portada	sports.sports_team.arena_stadium
m.027zddr	PFC Montana	m.0cg58w	Ogosta Stadium	sports.sports_team.arena_stadium
m.09vv_8	Djoliba AC	m.0d82dc	The Complex	sports.sports_team.arena_stadium
m.03zhn9	SC Telstar	m.0924_m	TATA Steel Stadion	sports.sports_team.arena_stadium
m.0ft36k	1. FC Tatran Prešov	m.0dkjl7	Štadión 1. FC Tatran Prešov	sports.sports_team.arena_stadium
m.026dv4v	Eintracht Frankfurt II	m.064kxm	Commerzbank-Arena	sports.sports_team.arena_stadium
m.0bmdvb	FC Fredericia	m.05v6nsk	Car Park	sports.sports_team.arena_stadium
m.01xn5b2	Club Atlético Tucumán	m.05zvxll	Estadio Monumental José Fierro	sports.sports_team.arena_stadium
m.0cyzjl	1. FC Slovácko	m.0gygyv	Mestský štadión	sports.sports_team.arena_stadium
m.048vr9	Puntarenas F.C.	m.0d4mqv	Estadio Lito Pérez	sports.sports_team.arena_stadium
m.09z468	FK Viktoria Žižkov	m.09sqqp	Stadio della Vittoria	sports.sports_team.arena_stadium
m.06pdf4	Guangzhou R&F F.C.	m.03ck49m	Yuexiushan Stadium	sports.sports_team.arena_stadium
m.02wwjf9	FK BSK Borča	m.05q95mk	Vizelj park	sports.sports_team.arena_stadium
m.06vktl	FC Volendam	m.0cb71g	Kras Stadion	sports.sports_team.arena_stadium
m.05_5yt8	FC Linz	m.02_ww3f	Waldstadion	sports.sports_team.arena_stadium
m.03ff80	FK Željezničar Sarajevo	m.0bzfgs	Stadion Grbavica	sports.sports_team.arena_stadium
m.06s90p	HFC Haarlem	m.0cg9g0	Haarlem Stadion	sports.sports_team.arena_stadium
m.06kqd9	Atlantis FC	m.0cr0pk	Töölön Pallokenttä	sports.sports_team.arena_stadium
m.04dkj2	JEF United Ichihara Chiba	m.09hy33	Fukuda Denshi Arena	sports.sports_team.arena_stadium
m.093j32	Hong Kong Rangers FC	m.0k2xyn2	The Sports Ground	sports.sports_team.arena_stadium
m.0dnrgx	Defensa y Justicia	m.09gmv9b	Estadio Torrero	sports.sports_team.arena_stadium
m.0d6j_q	Deportes Tolima	m.0dg7rc	Estadio Manuel Murillo Toro	sports.sports_team.arena_stadium
m.0kwnx	Real Oviedo	m.0b8v5g	Estadio Carlos Tartiere	sports.sports_team.arena_stadium
m.0711bl	Real Unión	m.05zpr_p	DU Stadium	sports.sports_team.arena_stadium
m.0f69kl	FC Fakel Voronezh	m.05zlhq1	Zentralstadion	sports.sports_team.arena_stadium
m.0h6v33	Celta de Vigo B	m.07pmmd4	UEP Substaion Barreiro	sports.sports_team.arena_stadium
m.0gg8_jf	Global FC	m.05zpr_p	DU Stadium	sports.sports_team.arena_stadium
m.0bdrq0	FK Baník Most	m.0268m81	Fotbalový stadion Josefa Masopusta	sports.sports_team.arena_stadium
m.07k6mp9	Baniyas SC	m.02phwqz	Banants Stadium	sports.sports_team.arena_stadium
m.02qvh99	Nyíregyháza Spartacus FC	m.0h95388	Szentmarjay Tibor Városi Stadion	sports.sports_team.arena_stadium
m.0b77pvy	Bayer 04 Leverkusen	m.03ytnq	BayArena	sports.sports_team.arena_stadium
m.0dyn7f	Ventforet Kofu	m.0dyn8w	Yamanashi Chuo Bank Stadium	sports.sports_team.arena_stadium
m.06_xvf	FC Taraz	m.05zlhq1	Zentralstadion	sports.sports_team.arena_stadium
m.0h5k0h	Al-Shamal Sports Club	m.0cqyyw	Jassim Bin Hamad Stadium	sports.sports_team.arena_stadium
m.02629r1	Lautoka F.C.	m.0cjn90	Fort Churchill State Historic Park	sports.sports_team.arena_stadium
m.047my2m	FC Biel-Bienne	m.0fhp1h	Gurzelen Stadion	sports.sports_team.arena_stadium
m.0cngtq	Liverpool F.C.	m.0187zr	Anfield	sports.sports_team.arena_stadium
m.07m4j0	Happy Valley AA	m.0c8y78	Siu Sai Wan Sports Ground	sports.sports_team.arena_stadium
m.0blvrj	Alicante CF	m.03yf_mn	Ciudad Deportiva	sports.sports_team.arena_stadium
m.0dy5_7	FC Mulhouse	m.026jgy3	Stade Omnisports	sports.sports_team.arena_stadium
m.030zj	FC Den Bosch	m.0cb72v	De Vliert	sports.sports_team.arena_stadium
m.06kq6s	IFK Mariehamn	m.0fz0f6	Wiklöf Holding Arena	sports.sports_team.arena_stadium
m.049bln	A.C.R. Messina	m.09246p	Stadio San Filippo	sports.sports_team.arena_stadium
m.0d3sfl	San Francisco F.C.	m.0dg4xl	Estadio Agustín Sánchez	sports.sports_team.arena_stadium
m.0gq092	FC Yenisey Krasnoyarsk	m.05zlhq1	Zentralstadion	sports.sports_team.arena_stadium
m.05jy88	NK Istra 1961	m.0c3ldq	Stadion Aldo Drosina	sports.sports_team.arena_stadium
m.02w03yj	FK Napredak Kruševac	m.0cnf3h	Stadion SRC Mladost	sports.sports_team.arena_stadium
m.0c0y9g	AD Alcorcón	m.04mzjg3	Santo Domingo	sports.sports_team.arena_stadium
m.04q87y0	SpVgg Ludwigsburg	m.09k4ndp	Friedrich-Ludwig-Jahn-Stadion	sports.sports_team.arena_stadium
m.064l6nx	Hanoi T&T F.C.	m.051yhbn	Hàng Đẫy Stadium	sports.sports_team.arena_stadium
m.0bfkw1	FC Balzers	m.08ltn9	Rheinstadion	sports.sports_team.arena_stadium
m.0l6qd	Polideportivo Ejido	m.04mzjg3	Santo Domingo	sports.sports_team.arena_stadium
m.0d6k9k	Boyacá Chicó F.C.	m.0dg7py	Estadio La Independencia	sports.sports_team.arena_stadium
m.0gf4lq	Arab Contractors SC	m.08lsn0	Arab Contractors Stadium	sports.sports_team.arena_stadium
m.09d81j	S.C. Covilhã	m.0f06t8	Complexo Desportivo da Covilhã	sports.sports_team.arena_stadium
m.03c0w8v	FC Sportist Svoge	m.065zzjb	Chavdar Tsvetkov Stadium	sports.sports_team.arena_stadium
m.0b8r2m	Al Ahed	m.074nc	Shea Stadium	sports.sports_team.arena_stadium
m.04glvks	Yokohama FC Hong Kong	m.05zpr_p	DU Stadium	sports.sports_team.arena_stadium
m.067kz4	Harrisburg City Islanders	m.09hsk6	Skyline Sports Complex	sports.sports_team.arena_stadium
m.09rsr0w	Dalian Aerbin F.C.	m.0ctslb	Yuanshen Sports Centre Stadium	sports.sports_team.arena_stadium
m.03fhpt	ND Gorica	m.05v6nsk	Car Park	sports.sports_team.arena_stadium
m.0324gv	GKS Katowice	m.0d_f6d	Stadion GKS	sports.sports_team.arena_stadium
m.02vn2d	Sogndal Fotball	m.03d61tg	Fosshaugane Campus	sports.sports_team.arena_stadium
m.0gj2hz	Real Estelí F.C.	m.0dg7py	Estadio La Independencia	sports.sports_team.arena_stadium
m.0d_k8w	Hapoel Ashkelon F.C.	m.0c3thym	Saga Stadium	sports.sports_team.arena_stadium
m.06znjy6	Al-Jazeera (Amman)	m.0cqyyj	King Abdullah Stadium	sports.sports_team.arena_stadium
m.063_dqz	System 3 FC	m.0k2y3wh	Victoria Park	sports.sports_team.arena_stadium
m.03y2gw	Enugu Rangers	m.05zpr_p	DU Stadium	sports.sports_team.arena_stadium
m.0h2kfm	Al-Nasr	m.05zpr_p	DU Stadium	sports.sports_team.arena_stadium
m.0b7zw5	Deportivo Pasto	m.09sc6g	Estadio Olímpico Atahualpa	sports.sports_team.arena_stadium
m.0b5ywk	YoungHeart Manawatu	m.0gdd17	B-52 Memorial Park	sports.sports_team.arena_stadium
m.0f1ld4	FC Baden	m.0cb6rh	Stadion ETO	sports.sports_team.arena_stadium
m.04ksm_	Monaghan United F.C.	m.02vwbkx	Kingspan Century Park	sports.sports_team.arena_stadium
m.063_lw0	HB Køge	m.05v6nsk	Car Park	sports.sports_team.arena_stadium
m.03gzmb_	FC Torpedo-ZIL Moscow	m.0fhnwx	Eduard Streltsov Stadium	sports.sports_team.arena_stadium
m.09ts3w	Weston-super-Mare A.F.C.	m.08twxv	The Den	sports.sports_team.arena_stadium
m.02vzvkz	FC Astra Giurgiu	m.04n19yb	Stadionul Marin Anastasovici	sports.sports_team.arena_stadium
m.07k3__	Oud-Heverlee Leuven	m.080dsfx	Den Dreef	sports.sports_team.arena_stadium
m.0f1nt7	Al-Ahly	m.05zpr_p	DU Stadium	sports.sports_team.arena_stadium
m.07h_fy	FC Argeș Pitești	m.0c625r	Stadionul Nicolae Dobrin	sports.sports_team.arena_stadium
m.026jxdr	Eastern AA	m.0k2xyn2	The Sports Ground	sports.sports_team.arena_stadium
m.048kbm	S.V. Transvaal	m.0j3zvwp	André Kamperveen Stadion	sports.sports_team.arena_stadium
m.0fhq5l	Notodden FK	m.05_5vn_	Idrætsparken	sports.sports_team.arena_stadium
m.08319v	Club Nacional	m.0cckqp	Estadio Gran Parque Central	sports.sports_team.arena_stadium
m.03wg5fh	Real Zaragoza B	m.03yf_mn	Ciudad Deportiva	sports.sports_team.arena_stadium
m.03fcy_	FK Dukla Banská Bystrica	m.03cs4cm	Ski Stadion	sports.sports_team.arena_stadium
m.02629q0	Ba F.C.	m.05v6nsk	Car Park	sports.sports_team.arena_stadium
m.0gj2hm	Diriangén FC	m.0gj3wy	Estadio Cacique Diriangén	sports.sports_team.arena_stadium
m.0d7v9b	Cobresal	m.0dg7c2	Estadio El Cobre	sports.sports_team.arena_stadium
m.0gc5j0	Turan Tovuz PFK	m.0gc6f1	Tovuz City Stadium	sports.sports_team.arena_stadium
m.0g5vc5	SK Kladno	m.0fhnn8	Stadion Františka Kloze	sports.sports_team.arena_stadium
m.03c8wv5	Ironi Nir Ramat HaSharon F.C.	m.05zpr_p	DU Stadium	sports.sports_team.arena_stadium
m.03clsd6	Harimau Muda A	m.027bdd0	Pasir Gudang Corporation Stadium	sports.sports_team.arena_stadium
m.01cyvz	Bryne FK	m.027bdht	Bryne Stadion	sports.sports_team.arena_stadium
m.026lx1p	Al-Taawon FC	m.0by0vvq	King Abdullah Sport City Stadium	sports.sports_team.arena_stadium
m.0bg4d3	SV Elversberg	m.02_ww3f	Waldstadion	sports.sports_team.arena_stadium
m.03b_px9	Thanda Royal Zulu F.C.	m.0grw92	All Sports Stadium	sports.sports_team.arena_stadium
m.08gcmt	Løv-Ham Fotball	m.064003j	Varden Amfi	sports.sports_team.arena_stadium
m.06kq5d	FC Lahti	m.04y8whq	Halden Stadion	sports.sports_team.arena_stadium
m.01xn6s8	Al Hazm	m.0277qm5	Rams Stadium	sports.sports_team.arena_stadium
m.04my1jt	FC Lokomotiv-2 Moscow	m.0hrglwv	Lokomotiv Stadium	sports.sports_team.arena_stadium
m.0fhmg7	C.D. Feirense	m.0f049x	Estádio Marcolino de Castro	sports.sports_team.arena_stadium
m.06kqfc	FC Honka	m.0f01bt	Tapiolan Urheilupuisto	sports.sports_team.arena_stadium
m.05zrhb5	Navibank Saigon F.C.	m.0fgks9	Thong Nhat Stadium	sports.sports_team.arena_stadium
m.02qwpt3	Klubi-04	m.026bvlf	Kyocera Stadium	sports.sports_team.arena_stadium
m.04gl_f4	FC Dnipro-2 Dnipropetrovsk	m.0cvvr7	Dnipro	sports.sports_team.arena_stadium
m.04ctb36	Nybergsund IL-Trysil	m.0640rsz	Nybergsund Stadion	sports.sports_team.arena_stadium
m.02r59p1	CS Mioveni	m.0c625r	Stadionul Nicolae Dobrin	sports.sports_team.arena_stadium
m.05c6jx	Charlotte Eagles	m.01r6xc	Nickerson Field	sports.sports_team.arena_stadium
m.0c0fj3	U.S. Alessandria Calcio 1912	m.05zxnnc	Stadio Giuseppe Moccagatta	sports.sports_team.arena_stadium
m.0f9qcp	Hakoah Amidar Ramat Gan F.C.	m.0cg88z	Winter Stadium	sports.sports_team.arena_stadium
m.05whn8	Clube de Regatas Brasil	m.09sc2n	Estádio Rei Pelé	sports.sports_team.arena_stadium
m.0gg9mn	Sharks F.C.	m.0gchkn	Municipal Stadium	sports.sports_team.arena_stadium
m.0cpw96	FK Hajduk Kula	m.0dg7ym	Stadion Hajduk	sports.sports_team.arena_stadium
m.06w0lz	UE Sant Julià	m.0btk9y	Stadio Comunale	sports.sports_team.arena_stadium
m.02742f8	Cleveland City Stars	m.05zym5t	Middlefield Cheese Stadium	sports.sports_team.arena_stadium
m.07kjwk	UE Sant Andreu	m.05zpk3x	Camp Municipal Narcís Sala	sports.sports_team.arena_stadium
m.026skzt	Chongqing Lifan F.C.	m.09s30t	Chongqing Olympic Sports Center	sports.sports_team.arena_stadium
m.026f35c	Tema Youth	m.0h5kvn	Tema Sports Stadium	sports.sports_team.arena_stadium
m.06wccyg	TSV 1860 München II	m.0czrdd	Grünwalder Stadion	sports.sports_team.arena_stadium
m.09bfjn	1. FK Příbram	m.0dgcdw	Na Litavce	sports.sports_team.arena_stadium
m.061x0h	Clube Atlético Bragantino	m.08vfgc	Estádio Nabi Abi Chedid	sports.sports_team.arena_stadium
m.04f0flk	CS Concordia Chiajna	m.06_lrtc	Concordia Mill	sports.sports_team.arena_stadium
m.04669b8	Al-Raed	m.0by0vvq	King Abdullah Sport City Stadium	sports.sports_team.arena_stadium
m.06qj32	FC Partizan-MTZ Minsk	m.064pnfg	Traktor Sport Palace	sports.sports_team.arena_stadium
m.0b6j0qq	VfL Wolfsburg	m.0b12fx	Volkswagen Arena	sports.sports_team.arena_stadium
m.07479q	Pontevedra CF	m.09g8c_k	Estadio Municipal de Pasarón	sports.sports_team.arena_stadium
m.0gy10z3	SpVgg Greuther Fürth II	m.09k7jr8	Stadion am Alsenweg	sports.sports_team.arena_stadium
m.02wwwhw	FK Novi Pazar	m.0h5t63	Gradski stadion	sports.sports_team.arena_stadium
m.0h7l2h	G.D. Chaves	m.02kkjn	Estádio Municipal de Braga	sports.sports_team.arena_stadium
m.03ybhqk	Getafe CF B	m.07_p92	Coliseum Alfonso Pérez	sports.sports_team.arena_stadium
m.0dxxs0	Union Douala	m.0bdgt2	Stade de la Réunification	sports.sports_team.arena_stadium
m.08kvwp	A.S. Gubbio 1910	m.0gw_x78	Stadio Pietro Barbetti	sports.sports_team.arena_stadium
m.08d9jd	Calcio Lecco 1912	m.02z0y0q	Stadio Rigamonti-Ceppi	sports.sports_team.arena_stadium
m.05zz1f8	All Saints United F.C.	m.06rr54	Antigua Recreation Ground	sports.sports_team.arena_stadium
m.05201db	Berekum Chelsea F.C.	m.0314gb	Stamford Bridge	sports.sports_team.arena_stadium
m.05njms	Zalaegerszegi TE	m.0cndvw	ZTE Arena	sports.sports_team.arena_stadium
m.04w7zd	Sagan Tosu	m.05zpr_p	DU Stadium	sports.sports_team.arena_stadium
m.0fjtv5	PFC Akademik Sofia	m.05zpr_p	DU Stadium	sports.sports_team.arena_stadium
m.04pf2l	Tokushima Vortis	m.0dysbl	Pocarisweat Stadium	sports.sports_team.arena_stadium
m.03m5ty	FK Banat Zrenjanin	m.0flm_7	Stadion Karađorđev park	sports.sports_team.arena_stadium
m.03fdbh	Longford Town F.C.	m.03h0pyc	City Stadium	sports.sports_team.arena_stadium
m.04ksrj	Kildare County F.C.	m.0ft_xf	Station Road, Swinton	sports.sports_team.arena_stadium
m.02vn0x0	Al-Shorta SC	m.0grw92	All Sports Stadium	sports.sports_team.arena_stadium
m.0d7h15	CS Louhans-Cuiseaux	m.07kcggf	Parc des Sports	sports.sports_team.arena_stadium
m.06vgxc	FC Eindhoven	m.0cg9dn	Jan Louwers Stadion	sports.sports_team.arena_stadium
m.0c10sw	MFK Dubnica	m.0gygyv	Mestský štadión	sports.sports_team.arena_stadium
m.0ftcm5	Polokwane City F.C.	m.07d3y5	Peter Mokaba Stadium	sports.sports_team.arena_stadium
m.0d78z4	Moghreb Tétouan	m.0d9yrc	Saniat Rmel	sports.sports_team.arena_stadium
m.08qbwq	A.S.G. Nocerina	m.02vtqdm	San Francesco	sports.sports_team.arena_stadium
m.0gh523	Al-Ahli Club	m.0g799w	Al-Rashid Stadium	sports.sports_team.arena_stadium
m.0b756kz	F.C. Arouca	m.02kkjn	Estádio Municipal de Braga	sports.sports_team.arena_stadium
m.09xhw6	Canterbury United	m.02cjvz	Football Park	sports.sports_team.arena_stadium
m.03hgz54	Wadi Degla FC	m.08lsn0	Arab Contractors Stadium	sports.sports_team.arena_stadium
m.04v8gp	Coleraine F.C.	m.0cw8kx	The Showgrounds	sports.sports_team.arena_stadium
m.0608gr	Mogi Mirim Esporte Clube	m.0b4j9k	Estádio Romildo Vitor Gomes Ferreira	sports.sports_team.arena_stadium
m.0d7v65	Deportes Antofagasta	m.0k3hnwm	On the Y	sports.sports_team.arena_stadium
m.07sqjt	Malatyaspor	m.0c69fj	Malatya İnönü Stadium	sports.sports_team.arena_stadium
m.0d97xk	FC Fastav Zlín	m.0dgchz	Letná Stadion	sports.sports_team.arena_stadium
m.03wftzq	Sporting de Gijón B	m.06zwc4	El Molinón	sports.sports_team.arena_stadium
m.01xn9ct	Naser	m.080fnt6	Petro Sport Stadium	sports.sports_team.arena_stadium
m.0b4f23	Tai Po FC	m.0269gzb	Tai Po Sports Ground	sports.sports_team.arena_stadium
m.05zyhxh	Yangon United F.C.	m.05zpr_p	DU Stadium	sports.sports_team.arena_stadium
m.0d6js6	Real Cartagena	m.0cbjbm	Estadio Olímpico	sports.sports_team.arena_stadium
m.0glqrcp	NK Olimpija Ljubljana	m.0dgbwv	Stadion Police	sports.sports_team.arena_stadium
m.0gg9kl	Kano Pillars F.C.	m.05zpr_p	DU Stadium	sports.sports_team.arena_stadium
m.03fn48	B68 Toftir	m.0c9n7j	Svangaskarð	sports.sports_team.arena_stadium
m.0cn8j1	Rampla Juniors	m.0cbjbm	Estadio Olímpico	sports.sports_team.arena_stadium
m.02z8fzq	PFC Kaliakra Kavarna	m.0b6jky6	Kavarna Stadium	sports.sports_team.arena_stadium
m.026xxc4	San Luis de Quillota	m.09v202p	Estadio Municipal Lucio Fariña Fernández	sports.sports_team.arena_stadium
m.0b681b	FC Dnepr Mogilev	m.0gc6mz	Spartak Stadium	sports.sports_team.arena_stadium
m.0dy6j8	FC Rouen	m.09gn8k2	Stade Robert Diochon	sports.sports_team.arena_stadium
m.03y7w3d	RCD Mallorca B	m.0b8v38	Iberostar Stadium	sports.sports_team.arena_stadium
m.01xn6ts	Al-Nasr	m.05zpr_p	DU Stadium	sports.sports_team.arena_stadium
m.05f4z66	Rayo Vallecano B	m.03yf_mn	Ciudad Deportiva	sports.sports_team.arena_stadium
m.04lj87s	NK Triglav Kranj	m.07lj7	The Center	sports.sports_team.arena_stadium
m.01xn49d	C.D. Fátima	m.02kkjn	Estádio Municipal de Braga	sports.sports_team.arena_stadium
m.0fn0hn	Sektzia Nes Tziona F.C.	m.05zpr_p	DU Stadium	sports.sports_team.arena_stadium
m.02pvft9	Najran SC	m.05zpr_p	DU Stadium	sports.sports_team.arena_stadium
m.028blpb	Suva F.C.	m.04ysht	Rand Stadium	sports.sports_team.arena_stadium
m.07sb34q	Al-Shabab SC	m.026jl0t	Khalid Bin Mohammed Stadium	sports.sports_team.arena_stadium
m.02ph51w	Vitória FC	m.0b96gv	Estádio do Bonfim	sports.sports_team.arena_stadium
m.08kbqt	U.S. Pergolettese 1932	m.05z_gvy	Stadio Giuseppe Voltini	sports.sports_team.arena_stadium
m.03d2gwk	ASOA Valence	m.09gq8qf	Stade Georges Pompidou	sports.sports_team.arena_stadium
m.0blvfy	Terrassa FC	m.09gcc0s	Estadi Olímpic de Terrassa	sports.sports_team.arena_stadium
m.0gknrh	Montego Bay United F.C.	m.0d82dc	The Complex	sports.sports_team.arena_stadium
m.0gjdg2	Aragua FC	m.0cbjbm	Estadio Olímpico	sports.sports_team.arena_stadium
m.0cvsnv	A.F.C. Leopards	m.08m54n	Lagos National Stadium	sports.sports_team.arena_stadium
m.0h02yp	MFC Kremin Kremenchuk	m.03hnc6r	FC Kremin Stadium	sports.sports_team.arena_stadium
m.01xn4h0	Montedio Yamagata	m.05zpr_p	DU Stadium	sports.sports_team.arena_stadium
m.0cf19b	Jönköpings Södra IF	m.0clr3y	Stadsparksvallen	sports.sports_team.arena_stadium
m.0kgfp88	Stade Malien de Bamako	m.06f6xt	Stade du 26 Mars	sports.sports_team.arena_stadium
m.0j3slrk	ACS Ksar	m.09v58r	Stade Olympique	sports.sports_team.arena_stadium
m.07dstz	K.V. Turnhout	m.0h6glg	Stars Park	sports.sports_team.arena_stadium
m.055v6h	Basingstoke Town F.C.	m.026jwky	The Camrose	sports.sports_team.arena_stadium
m.09q977	S.L. Benfica	m.0327z9	Estádio da Luz	sports.sports_team.arena_stadium
m.02w2x8l	FSV Oggersheim	m.09sqmk	Südweststadion	sports.sports_team.arena_stadium
m.027zdmz	PFC Nesebar	m.0h5t63	Gradski stadion	sports.sports_team.arena_stadium
m.05zyx60	Yadanarbon F.C.	m.05zpr_p	DU Stadium	sports.sports_team.arena_stadium
m.04jbk4z	Kaya F.C.	m.05zpr_p	DU Stadium	sports.sports_team.arena_stadium
m.0d0ygw	Paganese Calcio 1926	m.02z0y88	Stadio Marcello Torre	sports.sports_team.arena_stadium
m.047ssg0	Ajman Club	m.05zpr_p	DU Stadium	sports.sports_team.arena_stadium
m.063zw5f	León de Huánuco	m.0cblx2	Estadio Heraclio Tapia	sports.sports_team.arena_stadium
m.05zwy84	Deportivo de La Coruña B	m.0cmcv3k	Ciudad Deportiva de Abegondo	sports.sports_team.arena_stadium
m.02s0w2	Tromsdalen UIL	m.07gtz6	TUI Arena	sports.sports_team.arena_stadium
m.0dxln4	CS Constantine	m.0bdgn5	Stade Mohamed Hamlaoui	sports.sports_team.arena_stadium
m.072sjq	Tanjong Pagar United FC	m.05zpr_p	DU Stadium	sports.sports_team.arena_stadium
m.02vp2q6	Deportivo Lara	m.0520xxj	Estadio Metropolitano de Madrid	sports.sports_team.arena_stadium
m.0bjkx3	Sarpsborg 08 FF	m.03d640g	Sarpsborg Stadion	sports.sports_team.arena_stadium
m.0cr31f	UD Melilla	m.09g81fg	Estadio Municipal Álvarez Claro	sports.sports_team.arena_stadium
m.09y1c_	Estudiantes de Mérida	m.0fhb6g	Estadio Metropolitano de Mérida	sports.sports_team.arena_stadium
m.0d0ym3	Sorrento Calcio	m.02z0xsg	Stadio Italia	sports.sports_team.arena_stadium
m.03grgcd	Kataller Toyama	m.03h3mmr	Toyama Athletic Stadium	sports.sports_team.arena_stadium
m.01xn53b	A.S.D. Pescina Valle del Giovenco	m.063ygfm	Stadio dei Marmi	sports.sports_team.arena_stadium
m.01s6wz	Carmarthen Town A.F.C.	m.0c6ctc	Richmond Park	sports.sports_team.arena_stadium
m.02v_hcq	C.S. Marítimo B	m.0b96pt	Estádio dos Barreiros	sports.sports_team.arena_stadium
m.0jwlygv	Borussia Mönchengladbach II	m.0510yz	Borussia-Park	sports.sports_team.arena_stadium
m.0j483t4	Rovers FC	m.066vv3	Stark's Park	sports.sports_team.arena_stadium
m.0c8qm0	FC Botoșani	m.0gh3n2	Stade Municipal	sports.sports_team.arena_stadium
m.03hm54z	Atromitos Yeroskipou	m.0h1fpsm	Geroskipou Stadium	sports.sports_team.arena_stadium
m.05f9cgl	Bangkok Glass F.C.	m.0gsb7n	Loeb Stadium	sports.sports_team.arena_stadium
m.0d4srh	C.D.P. Curicó Unido	m.0414jxm	Estadio La Granja	sports.sports_team.arena_stadium
m.09shk8	Dresdner SC	m.02qq7zc	Heinz-Steyer-Stadion	sports.sports_team.arena_stadium
m.05q97r3	FC Volgograd	m.064n1t	Olympia	sports.sports_team.arena_stadium
m.05sdj2	HNK Cibalia	m.0c3lb_	Stadion HNK Cibalia	sports.sports_team.arena_stadium
m.050qx5	San Francisco Seals	m.01x1gz	Oakland-Alameda County Coliseum	sports.sports_team.arena_stadium
m.04v9d2	Newry City F.C.	m.0cw8kx	The Showgrounds	sports.sports_team.arena_stadium
m.04ktc6	University College Dublin A.F.C.	m.03c1wz_	UCD Bowl	sports.sports_team.arena_stadium
m.0jkwgr2	Pago Youth FC	m.05zpr_p	DU Stadium	sports.sports_team.arena_stadium
m.06_x_4	FC Astana-1964	m.0bdgx5	Kazhimukan Munaitpasov Stadium	sports.sports_team.arena_stadium
m.0gjdd_	Monagas Sport Club	m.027957r	Estadio Monumental de Maturín	sports.sports_team.arena_stadium
m.0dhf0h	Sekondi Hasaacas F.C.	m.05zpr_p	DU Stadium	sports.sports_team.arena_stadium
m.09pcyv	Dolphins F.C.	m.05zpr_p	DU Stadium	sports.sports_team.arena_stadium
m.04q2hy3	FC Stade Nyonnais	m.04zyb70	Centre sportif de Colovray Nyon	sports.sports_team.arena_stadium
m.02qhc3t	Kaduna United F.C.	m.05zpr_p	DU Stadium	sports.sports_team.arena_stadium
m.0b91y6	Mito HollyHock	m.05zpr_p	DU Stadium	sports.sports_team.arena_stadium
m.04399q	Avispa Fukuoka	m.05zpr_p	DU Stadium	sports.sports_team.arena_stadium
m.02775dk	Ruch Radzionków	m.03cqfyp	Stadion Ruchu	sports.sports_team.arena_stadium
m.0bbxb19	Naft Tehran F.C.	m.07zq_v	Shahid Dastgerdi Stadium	sports.sports_team.arena_stadium
m.0gj0pw	Ulsan Hyundai Mipo Dolphin FC	m.05zpr_p	DU Stadium	sports.sports_team.arena_stadium
m.04kshn	Finn Harps F.C.	m.06fp2g	Finn Park	sports.sports_team.arena_stadium
m.04lmk_	Orange County Blue Star	m.05zpr_p	DU Stadium	sports.sports_team.arena_stadium
m.0cphcz	S.L. Benfica B	m.0gyrk0t	Futebol Campus	sports.sports_team.arena_stadium
m.03ykgzw	Bears FC	m.0bq1d8	Thomas Robinson Stadium	sports.sports_team.arena_stadium
m.02r5z0c	Orlando Pirates F.C. Windhoek	m.04ctf55	Kpando Stadium	sports.sports_team.arena_stadium
m.027z8zc	Shanghai Shenxin F.C.	m.0ctslb	Yuanshen Sports Centre Stadium	sports.sports_team.arena_stadium
m.03gt1_t	Vancouver Whitecaps FC U-23	m.03b4g3	BC Place	sports.sports_team.arena_stadium
m.0cn45g	FC Nitra	m.0g5vgr	Štadión pod Zoborom	sports.sports_team.arena_stadium
m.02wvmct	Ciudad de Murcia	m.0d0ckb	Estadio Nueva Condomina	sports.sports_team.arena_stadium
m.0324tp	KSZO Ostrowiec Świętokrzyski	m.03c9l2s	Miejski Stadion Sportowy \"KSZO\"	sports.sports_team.arena_stadium
m.05zwmb0	FC Waidhofen/Ybbs	m.04y8whq	Halden Stadion	sports.sports_team.arena_stadium
m.07mml0	Colorado Rapids U-23	m.03dh72	Dick's Sporting Goods Park	sports.sports_team.arena_stadium
m.03m6rsf	Austin Aztex	m.02vs6gq	House Park	sports.sports_team.arena_stadium
m.01xn7g4	FCS Nacional	m.02vzkg1	Estádio da Madeira	sports.sports_team.arena_stadium
m.01rpf5	Aberystwyth Town F.C.	m.028360s	3 Park Avenue	sports.sports_team.arena_stadium
m.02vxmlj	1. SC Feucht	m.02_ww3f	Waldstadion	sports.sports_team.arena_stadium
m.0d7vg8	Coquimbo Unido	m.0cg5kl	Estadio Municipal Francisco Sánchez Rumoroso	sports.sports_team.arena_stadium
m.04lp63	Pittsburgh Riverhounds	m.05zpr_p	DU Stadium	sports.sports_team.arena_stadium
m.04glm3x	Asyut Petroleum	m.0gh3r5	Ascot Stadium	sports.sports_team.arena_stadium
m.03fdyv	FC Etzella Ettelbruck	m.02pctfb	The Centre	sports.sports_team.arena_stadium
m.026tqnl	FK Jelgava	m.05zpr_p	DU Stadium	sports.sports_team.arena_stadium
m.0d6l8k	Deportes Quindío	m.0hgrwzz	Estadio Centenario	sports.sports_team.arena_stadium
m.0cr750	Marino de Luanco	m.02kx3p3	Westcore Miramar	sports.sports_team.arena_stadium
m.0blv73	CF Badalona	m.09gg1p_	Camp del Centenari	sports.sports_team.arena_stadium
m.06kq2y	FC KooTeePee	m.0c3r92	Arto Tolsa Areena	sports.sports_team.arena_stadium
m.02v_tsx	FK Sloga Kraljevo	m.0h5t63	Gradski stadion	sports.sports_team.arena_stadium
m.02qy35c	FK Laktaši	m.0h5t63	Gradski stadion	sports.sports_team.arena_stadium
m.04vh_w	Glenavon F.C.	m.0c5zwx	Mourneview Park	sports.sports_team.arena_stadium
m.04kcph	Goyang KB Kookmin Bank FC	m.0gg84yw	Luoyang Stadium	sports.sports_team.arena_stadium
m.0463wmk	FC Grenchen	m.063z54n	Stadion Brühl	sports.sports_team.arena_stadium
m.01xn8gy	Union Deportivo Banda Abou	m.02rpstv	Lotto Arena	sports.sports_team.arena_stadium
m.0414w18	TSV 1860 Rosenheim	m.09k6rhw	Jahnstadion	sports.sports_team.arena_stadium
m.07f16l	Waitakere City F.C.	m.05v6nsk	Car Park	sports.sports_team.arena_stadium
m.0cc73nw	NK Olimpija Ljubljana	m.0dgbwv	Stadion Police	sports.sports_team.arena_stadium
m.04q8_wk	UD Las Palmas Atlético	m.0b0s3g	Estadio Gran Canaria	sports.sports_team.arena_stadium
m.0285jqq	Al Nahda Club	m.06w7n6s	Nizwa Sports Complex	sports.sports_team.arena_stadium
m.02rlyh0	Granada 74 CF	m.0cgk3s	Estadio Nuevo Los Cármenes	sports.sports_team.arena_stadium
m.0b3h0t	FC Fyn	m.09_5_r	TRE-FOR Park	sports.sports_team.arena_stadium
m.04zx697	FC Torpedo Vladimir	m.0gc6x7	Torpedo Stadium	sports.sports_team.arena_stadium
m.05q8bs2	FC Torpedo Armavir	m.0gwzql0	Yunost Stadium	sports.sports_team.arena_stadium
m.04v8k9	Crusaders F.C.	m.0g0x1f	Seaview	sports.sports_team.arena_stadium
m.065x_m9	C.F. La Piedad	m.0h97xt9	Estadio Juan N. López	sports.sports_team.arena_stadium
m.0411vmk	Szolnoki MÁV FC	m.0cnzjv9	Tiszaligeti Stadion	sports.sports_team.arena_stadium
m.0cpr5_	FK Púchov	m.0h3www3	Městský stadion	sports.sports_team.arena_stadium
m.0bnspd	Reading United A.C.	m.0cc899x	Pat Thomas Stadium	sports.sports_team.arena_stadium
m.03nr0bq	Hajer Club	m.0bx_p50	Prince Abdullah bin Jalawi Stadium	sports.sports_team.arena_stadium
m.026lzcy	Fujairah SC	m.05zpr_p	DU Stadium	sports.sports_team.arena_stadium
m.0h3pj64	FC Ufa	m.06yrz0	Dinamo	sports.sports_team.arena_stadium
m.03ct4g1	Olimpia Grudziądz	m.0d_f6d	Stadion GKS	sports.sports_team.arena_stadium
m.0kvfztk	F.C. Porto B	m.028n23	Estádio do Dragão	sports.sports_team.arena_stadium
m.05zzzxm	Al-Fateh SC	m.0bx_p50	Prince Abdullah bin Jalawi Stadium	sports.sports_team.arena_stadium
m.03p_1n	Hvidovre IF	m.07lj7	The Center	sports.sports_team.arena_stadium
m.067mjh	Slough Town F.C.	m.05v6nsk	Car Park	sports.sports_team.arena_stadium
m.026t7yx	FK Ústí nad Labem	m.0h3www3	Městský stadion	sports.sports_team.arena_stadium
m.0j_474w	Imortal DC	m.08q2mh	Estádio Municipal de Aveiro	sports.sports_team.arena_stadium
m.0fjjkk	U.S. Poggibonsi	m.09v4_7r	Stadio Stefano Lotti	sports.sports_team.arena_stadium
m.0f5h0t	Orihuela CF	m.03cfh0w	Estadio Municipal Los Arcos	sports.sports_team.arena_stadium
m.0blwyb	Écija Balompié	m.0fqr99	San Pablo Church	sports.sports_team.arena_stadium
m.05p822x	FC Fribourg	m.05p3fqp	Stade Universitaire Saint-Léonard	sports.sports_team.arena_stadium
m.04v897	Ballymena United F.C.	m.071pqj	Ballymena Showgrounds	sports.sports_team.arena_stadium
m.047nsk5	Anagennisi Dherynia	m.0d160r	Paralimni Stadium	sports.sports_team.arena_stadium
m.03mx9r	Airbus UK Broughton F.C.	m.06w1_nl	The Airfield	sports.sports_team.arena_stadium
m.0264dk4	KS Gramozi Ersekë	m.0gc3g7	Fusha Sportive Peqin	sports.sports_team.arena_stadium
m.0b6hmdn	SC Freiburg	m.0clvmn	Messestadion	sports.sports_team.arena_stadium
m.07d2lt	FK Olimpic	m.04zzfyb	Stadion Otoka	sports.sports_team.arena_stadium
m.03fdzy	Portadown F.C.	m.05v6nsk	Car Park	sports.sports_team.arena_stadium
m.0cngqv	Club Atlético River Plate	m.05fd38	Estadio Monumental Antonio Vespucio Liberti	sports.sports_team.arena_stadium
m.0c429ns	Tuen Mun SA	m.0cx50f	Tuen Mun Tang Shiu Kin Sports Ground	sports.sports_team.arena_stadium
m.04jmxbn	Philippine Army F.C.	m.05zpr_p	DU Stadium	sports.sports_team.arena_stadium
m.0ffz3v	FC Senec	m.026jphw	NAC Stadion	sports.sports_team.arena_stadium
m.0cmcz3c	Pastures United FC	m.0k2y3wh	Victoria Park	sports.sports_team.arena_stadium
m.0b934c	Ħamrun Spartans F.C.	m.03nppz8	Akashi Park Stadium	sports.sports_team.arena_stadium
m.0blwdy	Real Jaén	m.0n9k7zf	The Victoria	sports.sports_team.arena_stadium
m.04gmrbl	FC Lyubimets 2007	m.0h5t63	Gradski stadion	sports.sports_team.arena_stadium
m.05zpgnj	FC Avangard Podolsk	m.0c62kj	Trud Stadium	sports.sports_team.arena_stadium
m.03cskv6	FC Sakhalin Yuzhno-Sakhalinsk	m.0gc6mz	Spartak Stadium	sports.sports_team.arena_stadium
m.09xjm1	Miramar Rangers	m.05v6nsk	Car Park	sports.sports_team.arena_stadium
m.02804_2	Hunan Billows F.C.	m.0c3wm9	Olympic Park Stadium	sports.sports_team.arena_stadium
m.0b6nqh5	Minnesota United FC	m.0fkv5z	National Sports Center	sports.sports_team.arena_stadium
m.080l06c	FC Baia Zugdidi	m.05zpr_p	DU Stadium	sports.sports_team.arena_stadium
m.0gg56pg	Loyola Meralco Sparks F.C.	m.05zpr_p	DU Stadium	sports.sports_team.arena_stadium
m.026xxgl	Unión La Calera	m.0g57mb5	Estadio Municipal Nicolás Chahuán	sports.sports_team.arena_stadium
m.0h050w	MFC Mykolaiv	m.05zlhq1	Zentralstadion	sports.sports_team.arena_stadium
m.026v6nc	Ventura County Fusion	m.05zpr_p	DU Stadium	sports.sports_team.arena_stadium
m.047fwgp	Campinense Clube	m.02z9l_5	Lima	sports.sports_team.arena_stadium
m.06smwv	Richmond Kickers Future	m.03h0pyc	City Stadium	sports.sports_team.arena_stadium
m.0cr7qp	Burgos CF	m.09ggsrs	Estadio El Plantío	sports.sports_team.arena_stadium
m.0b3qqj	FC Shakhtar-2 Donetsk	m.09ghxyv	Arena Lviv	sports.sports_team.arena_stadium
m.06kqgs	FC Hämeenlinna	m.0411436	Kaurialan kenttä	sports.sports_team.arena_stadium
m.0411cq7	Guizhou Zhicheng F.C.	m.0411dg3	Guizhou Provincial Stadium	sports.sports_team.arena_stadium
m.0drxnzt	Gwangju FC	m.097__f	Jeonju World Cup Stadium	sports.sports_team.arena_stadium
m.08x41c	Waltham Forest F.C.	m.02754gd	Cricklefield Stadium	sports.sports_team.arena_stadium
m.05zrwgj	UD Logroñés	m.0gg6z2v	Estadio Las Gaunas	sports.sports_team.arena_stadium
m.05h4zr5	BSC Old Boys	m.0crcjdn	Stadion Schützenmatte	sports.sports_team.arena_stadium
m.04v8ld	Dungannon Swifts F.C.	m.05v6nsk	Car Park	sports.sports_team.arena_stadium
m.02wz0v_	FK Kolubara	m.0h5t63	Gradski stadion	sports.sports_team.arena_stadium
m.0dyplb	Everton L.F.C.	m.02lc2r	Goodison Park	sports.sports_team.arena_stadium
m.02q_kkr	Gahar Zagros F.C.	m.0c8yh5	Takhti Stadium	sports.sports_team.arena_stadium
m.01xn4gn	Ehime F.C.	m.063zzy0	Ningineer Stadium	sports.sports_team.arena_stadium
m.0drw8mz	Unión Comercio	m.0g5rtnw	Estadio IPD de Moyobamba	sports.sports_team.arena_stadium
m.0j3y5xh	Anchor Queen's Park Rangers F.C.	m.02nkkd	Hampden Park	sports.sports_team.arena_stadium
m.0j3wp0m	Blue Eagles	m.05zpr_p	DU Stadium	sports.sports_team.arena_stadium
m.09vnp0	Metropolitan Police F.C.	m.03d2hl7	The Court	sports.sports_team.arena_stadium
m.04yb309	A.D. Camacha	m.0f06t8	Complexo Desportivo da Covilhã	sports.sports_team.arena_stadium
m.01xn7q0	Kitwe United Football Club	m.0c0qj0	Bourda Cricket Ground	sports.sports_team.arena_stadium
m.058vgd	SC Eendracht Aalst	m.0ds_vb	The Pierre	sports.sports_team.arena_stadium
m.04ybm26	SV Stockerau	m.05fbkd7	Alte Münze	sports.sports_team.arena_stadium
m.0b3c66	SC Herford	m.09k4ndp	Friedrich-Ludwig-Jahn-Stadion	sports.sports_team.arena_stadium
m.0b2gm6	SV Arminia Hannover	m.0bmft03	Rudolf-Kalweit-Stadion	sports.sports_team.arena_stadium
m.09zdj4	RSV Göttingen 05	m.09k6rhw	Jahnstadion	sports.sports_team.arena_stadium
m.03gw7kx	Giravanz Kitakyushu	m.0f_13s	Bingo Athletic Stadium	sports.sports_team.arena_stadium
m.026xr9k	FC Dunav Ruse	m.0gd7c4	Gradski stadion Štip	sports.sports_team.arena_stadium
m.01xn63m	Tochigi S.C.	m.0gg0nc	Green Stadium	sports.sports_team.arena_stadium
m.0279ppd	Balıkesirspor	m.0dgr2mh	Balıkesir Atatürk Stadium	sports.sports_team.arena_stadium
m.01xn9b8	East Riffa Club	m.08bq7k	Bahrain National Stadium	sports.sports_team.arena_stadium
m.03gzbx7	FC Torpedo-ZIL Moscow	m.0fhnwx	Eduard Streltsov Stadium	sports.sports_team.arena_stadium
m.02pzggq	San Marcos de Arica	m.0bcv6r	Estadio Carlos Dittborn	sports.sports_team.arena_stadium
m.0ckht5	Amazulu	m.0d17zv	Moses Mabhida Stadium	sports.sports_team.arena_stadium
m.02rw7y4	African Warriors F.C.	m.0b5_6n	Choa Chu Kang Stadium	sports.sports_team.arena_stadium
m.0gch7m	FC Chikhura Sachkhere	m.05zpr_p	DU Stadium	sports.sports_team.arena_stadium
m.02qy37s	FK Rudar Prijedor	m.0h5t63	Gradski stadion	sports.sports_team.arena_stadium
m.0dzbpd	FC Slavia-Mozyr	m.0gwzql0	Yunost Stadium	sports.sports_team.arena_stadium
m.08kf3f	Carrarese Calcio	m.063ygfm	Stadio dei Marmi	sports.sports_team.arena_stadium
m.04v8z5	Institute F.C.	m.052124m	Riverside Stadium	sports.sports_team.arena_stadium
m.02wz786	FK Inđija	m.0h5t63	Gradski stadion	sports.sports_team.arena_stadium
m.02w2051	RNK Split	m.05v6nsk	Car Park	sports.sports_team.arena_stadium
m.02ww0hm	F.C. Cape Town	m.055cf1	Tulane Stadium	sports.sports_team.arena_stadium
m.027403c	Grulla Morioka	m.05zpr_p	DU Stadium	sports.sports_team.arena_stadium
m.0b94kb	Hastings United F.C.	m.0b8p0b	The Pilot Field	sports.sports_team.arena_stadium
m.04n182c	Maccabi Ironi Bat Yam F.C.	m.065zw1p	Bat Yam Municipal Stadium	sports.sports_team.arena_stadium
m.0h3p5v7	Egri FC	m.0h95388	Szentmarjay Tibor Városi Stadion	sports.sports_team.arena_stadium
m.0gx_85p	FC Hard	m.02_ww3f	Waldstadion	sports.sports_team.arena_stadium
m.0gg9f3	Gombe United F.C.	m.05zpr_p	DU Stadium	sports.sports_team.arena_stadium
m.0fj431	FK Belasica	m.0cnf3h	Stadion SRC Mladost	sports.sports_team.arena_stadium
m.0c3y4tj	Logan United FC	m.0d82dc	The Complex	sports.sports_team.arena_stadium
m.09l66p	FC Arsenal Kharkiv	m.035zmm	Emirates Stadium	sports.sports_team.arena_stadium
m.0324k5	Świt Nowy Dwór Mazowiecki	m.0py35x5	Stadion Miejski	sports.sports_team.arena_stadium
m.02qwzcs	Jingtie Locomotive F.C.	m.05zpr_p	DU Stadium	sports.sports_team.arena_stadium
m.0273hbn	Bo Rangers F.C.	m.0czpbk	Dudgeon Park	sports.sports_team.arena_stadium
m.0dgrwn	FC Vítkovice	m.0h3www3	Městský stadion	sports.sports_team.arena_stadium
m.0blbd4	Barakaldo CF	m.09gdfqm	Estadio Nuevo Lasesarre	sports.sports_team.arena_stadium
m.0b85f9	Wikki Tourists F.C.	m.05zpr_p	DU Stadium	sports.sports_team.arena_stadium
m.05zyzxt	FC Wels	m.03cs4cm	Ski Stadion	sports.sports_team.arena_stadium
m.05p0jmn	FC Echallens	m.02pctfb	The Centre	sports.sports_team.arena_stadium
m.04v8ct	Cliftonville F.C.	m.0bt8s2	Solitude	sports.sports_team.arena_stadium
m.04ct3dm	All Stars F.C.	m.05zpr_p	DU Stadium	sports.sports_team.arena_stadium
m.0287sqp	Wigry Suwałki	m.0py35x5	Stadion Miejski	sports.sports_team.arena_stadium
m.0c9tbq	Bo'ness United F.C.	m.03h383x	Newtown Park	sports.sports_team.arena_stadium
m.03b7ns	Miedź Legnica	m.0py35x5	Stadion Miejski	sports.sports_team.arena_stadium
m.0276_j2	Odra Opole	m.0py35x5	Stadion Miejski	sports.sports_team.arena_stadium
m.01xn667	Rosso Kumamoto	m.05zpr_p	DU Stadium	sports.sports_team.arena_stadium
m.026064l	San Jose Earthquakes	m.05h4fd2	Aviva Stadium	sports.sports_team.arena_stadium
m.0j5wx0k	Deacons	m.054tct	Surf Stadium	sports.sports_team.arena_stadium
m.0j3rtp2	CIVO United	m.0ddbcwz	Civo Stadium	sports.sports_team.arena_stadium
m.0blwc3	Algeciras CF	m.04gw9p5	Estadio Nuevo Laredo	sports.sports_team.arena_stadium
m.0blb18	CD Ourense	m.083xwz	Estádio Couto Pereira	sports.sports_team.arena_stadium
m.09gf9hq	Dayton Dutch Lions	m.05zpr_p	DU Stadium	sports.sports_team.arena_stadium
m.06zk3p7	Boldklubberne Glostrup Albertslund	m.05v6nsk	Car Park	sports.sports_team.arena_stadium
m.064k0yf	FC Alle	m.02pctfb	The Centre	sports.sports_team.arena_stadium
m.05mwyws	Maidstone United F.C.	m.06z42k	Tallaght Stadium	sports.sports_team.arena_stadium
m.026qzmt	Aurillac FCA	m.0bqqpk	Stade de Baduel	sports.sports_team.arena_stadium
m.0jt4jtb	Pachanga Diliman F.C.	m.05zpr_p	DU Stadium	sports.sports_team.arena_stadium
m.0gfwkc	Ebusua Dwarfs	m.0grw92	All Sports Stadium	sports.sports_team.arena_stadium
m.0dk1f0	Juventud Antoniana	m.027d7vj	Estadio Padre Ernesto Martearena	sports.sports_team.arena_stadium
m.08856f	Dynamos F.C.	m.04ctb3k	Arthur Davies Stadium	sports.sports_team.arena_stadium
m.07wb50	Associação Atlética Portuguesa	m.07f9n3	Estádio Moisés Lucarelli	sports.sports_team.arena_stadium
m.06991b	C.F. União	m.08q2mh	Estádio Municipal de Aveiro	sports.sports_team.arena_stadium
m.01xn572	Club Atlético Temperley	m.04yfwgx	Estadio Alfredo Beranger	sports.sports_team.arena_stadium
m.0dbl9_	MTV Ingolstadt	m.026jphw	NAC Stadion	sports.sports_team.arena_stadium
m.05zmxm2	FC Chelyabinsk	m.02z4jxf	Tsentralnyi Stadium	sports.sports_team.arena_stadium
m.03cvg25	SC Wiedenbrück 2000	m.09k6rhw	Jahnstadion	sports.sports_team.arena_stadium
m.02qwpx6	Pallokerho-35	m.0c3r57	ISS Stadion	sports.sports_team.arena_stadium
m.02qbzdw	Hammer SpVg	m.06_v6vq	Ecopa Arena	sports.sports_team.arena_stadium
m.02px7qm	Anhui Jiufang F.C.	m.09gpg33	Jinan Olympic Sports Center Stadium	sports.sports_team.arena_stadium
m.026mg01	FC Mashuk-KMV Pyatigorsk	m.05zlhq1	Zentralstadion	sports.sports_team.arena_stadium
m.026y9pt	FC Bihor Oradea	m.04mwt12	Stadionul Iuliu Bodola	sports.sports_team.arena_stadium
m.09xtpm	Wroxham F.C.	m.07_2vc	Racecourse Ground	sports.sports_team.arena_stadium
m.02775mf	Elana Toruń	m.0py35x5	Stadion Miejski	sports.sports_team.arena_stadium
m.026npy_	FC Smorgon	m.0gwzql0	Yunost Stadium	sports.sports_team.arena_stadium
m.03cb9_f	FC Meskheti Akhaltsikhe	m.05zpr_p	DU Stadium	sports.sports_team.arena_stadium
m.02vlkgb	Fort Lauderdale Strikers	m.01zz5y	Lockhart Stadium	sports.sports_team.arena_stadium
m.0280bnk	Berliner AK 07	m.05zpxvp	Poststadion	sports.sports_team.arena_stadium
m.0gxzdz6	Vejle Boldklub Kolding	m.05v6nsk	Car Park	sports.sports_team.arena_stadium
m.063z1w3	Hope International FC	m.0k2y3wh	Victoria Park	sports.sports_team.arena_stadium
m.03y8p_n	Elche CF Ilicitano	m.09x2m4	Estadio Manuel Martínez Valero	sports.sports_team.arena_stadium
m.02x1jw0	FK Dinamo Vranje	m.080jjtg	Stadion Lučko	sports.sports_team.arena_stadium
m.04cwpq6	UE Santa Coloma	m.0btk9y	Stadio Comunale	sports.sports_team.arena_stadium
m.05pfbv	Kirkintilloch Rob Roy F.C.	m.05v6nsk	Car Park	sports.sports_team.arena_stadium
m.0h6dmj	F.C. Pro Vercelli 1892	m.0btj3p	Stadio Silvio Piola	sports.sports_team.arena_stadium
m.0ddcqj	US Rumelange	m.0gh3n2	Stade Municipal	sports.sports_team.arena_stadium
m.0crb_ff	Al-Ahli (Amman)	m.09s88f	Khalifa International Stadium	sports.sports_team.arena_stadium
m.09xh2s	Christchurch United	m.0cb8mc	Queen Elizabeth II Park	sports.sports_team.arena_stadium
m.07tkqc	Gimnástica de Torrelavega	m.09gmryx	Estadio El Malecón	sports.sports_team.arena_stadium
m.06zkq0z	El-Entag El-Harby	m.03b4dm	Alamo Stadium	sports.sports_team.arena_stadium
m.02phss0	CP Cacereño	m.0cx9xt	Príncipe Felipe Arena	sports.sports_team.arena_stadium
m.026vdf0	Al-Markhiya Sports Club	m.02q_nfj	KhTZ Stadium	sports.sports_team.arena_stadium
m.02qcl52	FC Jokerit	m.026bvlf	Kyocera Stadium	sports.sports_team.arena_stadium
m.0h39qh	Leeds United L.F.C.	m.034f3x	Elland Road	sports.sports_team.arena_stadium
m.0gfw7m	Real Tamale United	m.0f_06c	Tamale Stadium	sports.sports_team.arena_stadium
m.08xb5v	Bury Town F.C.	m.0746l9	Gigg Lane	sports.sports_team.arena_stadium
m.05zt42r	UD Almería B	m.05syb71	Estadio Municipal Juan Rojas	sports.sports_team.arena_stadium
m.0425rn	Goyang Hi FC	m.0gg84yw	Luoyang Stadium	sports.sports_team.arena_stadium
m.03d6pfc	Fagiano Okayama	m.04ctf55	Kpando Stadium	sports.sports_team.arena_stadium
m.02qy2wd	FK Drina Zvornik	m.0h5t63	Gradski stadion	sports.sports_team.arena_stadium
m.02pxc91	St. Andrews United F.C.	m.07s6s4	Recreation Park	sports.sports_team.arena_stadium
m.01s6zs	Gap Connah's Quay F.C.	m.05sxmng	Deeside Stadium	sports.sports_team.arena_stadium
m.0kbgxl_	Phoenix FC	m.080ls4	University of Phoenix Stadium	sports.sports_team.arena_stadium
m.0404ftw	Chiangmai F.C.	m.0bpx73	700th Anniversary Stadium	sports.sports_team.arena_stadium
m.0jkvg_f	Kingston FC	m.0fpk_0	Richardson Memorial Stadium	sports.sports_team.arena_stadium
m.0j3ttb6	Zomba United	m.0d82dc	The Complex	sports.sports_team.arena_stadium
m.0h_9d_4	Olympic El Qanah FC	m.05zpr_p	DU Stadium	sports.sports_team.arena_stadium
m.0gf44h	Astres FC	m.0bdgt2	Stade de la Réunification	sports.sports_team.arena_stadium
m.0g9bvs	Witbank Spurs F.C.	m.05zpr_p	DU Stadium	sports.sports_team.arena_stadium
m.0b73v90	Wedeler TSV	m.027tnsg	Auestadion	sports.sports_team.arena_stadium
m.080bg2p	FC Saint-Louis Neuweg	m.04cqptl	St. Louis Soccer Park	sports.sports_team.arena_stadium
m.07chkn	Umeå FC	m.04yfs36	TD Arena	sports.sports_team.arena_stadium
m.076z7kn	Olympique Saumur FC	m.026jgy3	Stade Omnisports	sports.sports_team.arena_stadium
m.076x_dc	Santos FC	m.07dybp	Estádio Urbano Caldeira	sports.sports_team.arena_stadium
m.05zsk45	Sham Shui Po SA	m.0k2xyn2	The Sports Ground	sports.sports_team.arena_stadium
m.05znqv_	FC Smena Komsomolsk-na-Amure	m.0d_1q5	Avangard Stadium	sports.sports_team.arena_stadium
m.03l85k	Nairn County F.C.	m.02q1t5p	Stratton Park	sports.sports_team.arena_stadium
m.03l84w	Keith F.C.	m.05v6nsk	Car Park	sports.sports_team.arena_stadium
m.02r59x8	CS Minerul Lupeni	m.04n3q4v	Stadionul Minerul	sports.sports_team.arena_stadium
m.0fpdkr	1. FC Gera 03	m.0c9nh5	Stadion der Freundschaft	sports.sports_team.arena_stadium
m.0c2ml1	Hobro IK	m.064r8qq	RDS Arena	sports.sports_team.arena_stadium
m.05zcl9	Associação Atlética Portuguesa	m.07f9n3	Estádio Moisés Lucarelli	sports.sports_team.arena_stadium
m.047t06g	Vendée Fontenay Foot	m.0gh3n2	Stade Municipal	sports.sports_team.arena_stadium
m.03c00qw	TuS Heeslingen	m.02_ww3f	Waldstadion	sports.sports_team.arena_stadium
m.026ms38	SC Victoria Hamburg	m.0czcn_c	Stadion Hoheluft	sports.sports_team.arena_stadium
m.026lf8x	VfL Halle 1896	m.0261bsn	Stadion am Zoo	sports.sports_team.arena_stadium
m.026_v90	Erzurumspor	m.0c9kpf	Kazım Karabekir Stadium	sports.sports_team.arena_stadium
m.0640d66	Cobresol	m.0c3xmr2	Estadio 25 de Noviembre	sports.sports_team.arena_stadium
m.0fgsxr	Bonnyrigg Rose Athletic F.C.	m.05v6nsk	Car Park	sports.sports_team.arena_stadium
m.09ykc9	Leiston F.C.	m.0cclb0	Bridge Road	sports.sports_team.arena_stadium
m.09xjns	Wellington United	m.05v6nsk	Car Park	sports.sports_team.arena_stadium
m.08rjl4	S.S. Virtus	m.0btmp0	Stadio Guido Biondi	sports.sports_team.arena_stadium
m.04zzh97	Kitsap Pumas	m.09btbr	Roberts Municipal Stadium	sports.sports_team.arena_stadium
m.03jxnz	NK Travnik	m.0lj8v2z	Il Pirata	sports.sports_team.arena_stadium
m.0740v3	FK Radnik Bijeljina	m.0h5t63	Gradski stadion	sports.sports_team.arena_stadium
m.03nxfc7	FC Wangen bei Olten	m.0h1bv1d	Stadion Kleinfeld	sports.sports_team.arena_stadium
m.0g3kls	FC Borysfen Boryspil	m.07k8q31	Kolos Stadium	sports.sports_team.arena_stadium
m.01xn5mw	AS Dragons	m.0gg5nl9	Mianyang Stadium	sports.sports_team.arena_stadium
m.09xj7b	East Coast Bays AFC	m.05v6nsk	Car Park	sports.sports_team.arena_stadium
m.03grlsh	Olimpia Elbląg	m.0c5_b4	Stadion GOSiR	sports.sports_team.arena_stadium
m.05zykt7	FC Amur-2010 Blagoveshchensk	m.0gc6mz	Spartak Stadium	sports.sports_team.arena_stadium
m.0f69c8	FC Jazz	m.07kb869	Pors Stadion	sports.sports_team.arena_stadium
m.0crfkf	FC Spartak Ivano-Frankivsk	m.03hh0yl	MCS Rukh	sports.sports_team.arena_stadium
m.09tfjq	Warrington Town F.C.	m.05v6nsk	Car Park	sports.sports_team.arena_stadium
m.0j52zp8	ES Troyes AC B	m.0b8x0x	Stade de l'Aube	sports.sports_team.arena_stadium
m.0j3ylv5	The Lions	m.03m923k	Ruaraka Stadium	sports.sports_team.arena_stadium
m.0h97b4_	Stallion F.C.	m.05zpr_p	DU Stadium	sports.sports_team.arena_stadium
m.0660j28	Pumas Morelos	m.0hgrwzz	Estadio Centenario	sports.sports_team.arena_stadium
m.065ylgv	Blackburn Rovers FC	m.04_2ff	Ewood Park	sports.sports_team.arena_stadium
m.064qrjj	MFK Karviná	m.0h3www3	Městský stadion	sports.sports_team.arena_stadium
m.04ls9s	Yeading F.C.	m.03jxr2	Madejski Stadium	sports.sports_team.arena_stadium
m.02rm3hl	Lija Athletic F.C.	m.05zpr_p	DU Stadium	sports.sports_team.arena_stadium
m.0407b1j	Estudiantes de Altamira	m.0g59m0v	Estadio Altamira	sports.sports_team.arena_stadium
m.0pb8txv	Police F.C.	m.05zpr_p	DU Stadium	sports.sports_team.arena_stadium
m.0hndtvv	Chongqing F.C.	m.09s30t	Chongqing Olympic Sports Center	sports.sports_team.arena_stadium
m.0fhkz9	A.C. Palazzolo	m.0btk9y	Stadio Comunale	sports.sports_team.arena_stadium
m.0c3z5k_	FC Viitorul Constanța	m.06_lrtc	Concordia Mill	sports.sports_team.arena_stadium
m.08rhts	F.C. Fiorentino	m.0923xg	Stadio Artemio Franchi	sports.sports_team.arena_stadium
m.08kg9m	S.S.D. Castel San Pietro Terme Calcio	m.0btk9y	Stadio Comunale	sports.sports_team.arena_stadium
m.080hb05	Paris Saint-Germain Féminines	m.0395sl	Parc des Princes	sports.sports_team.arena_stadium
m.07w47_	FC Lusitanos	m.0btk9y	Stadio Comunale	sports.sports_team.arena_stadium
m.07syhx	OFK Gradina	m.0h5t63	Gradski stadion	sports.sports_team.arena_stadium
m.06znzxh	FC Kolomna	m.0d_1q5	Avangard Stadium	sports.sports_team.arena_stadium
m.06w824t	UE Llagostera	m.0bv6c2	Nou Estadi de Tarragona	sports.sports_team.arena_stadium
m.05ms4yy	Elect-Sport FC	m.0bpwhd	Stade Omnisports Idriss Mahamat Ouya	sports.sports_team.arena_stadium
m.04w8z5	Fulham L.F.C.	m.01yg0	Craven Cottage	sports.sports_team.arena_stadium
m.04n46d4	FC Samtredia	m.076xbdy	Erosi Manjgaladze Stadium	sports.sports_team.arena_stadium
m.04f_rmx	NK Junak Sinj	m.0h5t63	Gradski stadion	sports.sports_team.arena_stadium
m.02r8v06	SC Olkom Melitopol	m.0gc6mz	Spartak Stadium	sports.sports_team.arena_stadium
m.027b933	Toros Neza	m.06flgy	Estadio Neza 86	sports.sports_team.arena_stadium
m.01xn94m	Roma United	m.0c70k1	Bishan Stadium	sports.sports_team.arena_stadium
m.0cp1lqr	New York Cosmos	m.05zpr_p	DU Stadium	sports.sports_team.arena_stadium
m.0d8f0f	Birmingham City L.F.C.	m.0516x6	St Andrew's	sports.sports_team.arena_stadium
m.05h4dfn	Porin Palloilijat	m.07kb869	Pors Stadion	sports.sports_team.arena_stadium
m.05c24sg	Melbourne Victory FC W-League	m.05zpr_p	DU Stadium	sports.sports_team.arena_stadium
m.0415w93	Nottingham Forest L.F.C.	m.0cclg8	City Ground	sports.sports_team.arena_stadium
m.029323	Beith Juniors F.C.	m.05v6nsk	Car Park	sports.sports_team.arena_stadium
m.027z9rh	Bala Town F.C.	m.09rs3qt	Maes Tegid	sports.sports_team.arena_stadium
m.01ks6_	Irvine Meadow XI F.C.	m.0d0wc_	Meadow Park	sports.sports_team.arena_stadium
m.0fhqvp	SK Vard Haugesund	m.02wwkxr	Haugesund Stadion	sports.sports_team.arena_stadium
m.0cp0k_2	Kazincbarcikai SC	m.0h971_z	Pete András Stadion	sports.sports_team.arena_stadium
m.07s8scg	UR La Louvière Centre	m.05h4swb	Tivoli	sports.sports_team.arena_stadium
m.01xn5bg	Club Gimnasia y Esgrima	m.09zvvj	Estadio Juan Carmelo Zerillo	sports.sports_team.arena_stadium
m.03bzl4j	GKS Tychy	m.0py35x5	Stadion Miejski	sports.sports_team.arena_stadium
m.02qrj9b	AS Vitré	m.0gf527	Stade Municipal de Guider	sports.sports_team.arena_stadium
m.0t_fg90	Boca Juniors	m.0cblcq	Estadio Alberto Gallardo	sports.sports_team.arena_stadium
m.0w30d49	Manchester City F.C.	m.05zpr_p	DU Stadium	sports.sports_team.arena_stadium
m.04ctwq6	AS Police	m.0dgbwv	Stadion Police	sports.sports_team.arena_stadium
m.0rfh6fm	Ocala Stampede	m.05zpr_p	DU Stadium	sports.sports_team.arena_stadium
m.0l8k03b	VSI Tampa Bay FC	m.0grkt7	Plant City Stadium	sports.sports_team.arena_stadium
m.0j3y1zk	Sea View Farm FC	m.06rr54	Antigua Recreation Ground	sports.sports_team.arena_stadium
m.0j3xv85	Valencia FC	m.026tfbt	Nou Mestalla	sports.sports_team.arena_stadium
m.0j3x32g	United FC	m.0dg8cg	Somerset Park	sports.sports_team.arena_stadium
m.0j3gqzp	TuS Dornberg	m.0g2cv8	Tipsport Arena	sports.sports_team.arena_stadium
m.0j3_2hz	PC United	m.02gf37	Robert F. Kennedy Memorial Stadium	sports.sports_team.arena_stadium
m.0hr5wk0	Sörve JK	m.0b8tzt	Malmö Stadion	sports.sports_team.arena_stadium
m.0h975fn	Vecsési FC	m.0h95164	Stadion Dózsa György út	sports.sports_team.arena_stadium
m.0h565kk	Athletic FC	m.04ggytr	Palaran Stadium	sports.sports_team.arena_stadium
m.0h3w9bf	NK Radomlje	m.05v6nsk	Car Park	sports.sports_team.arena_stadium
m.0h1htgg	Buxton United	m.02qyznx	Borough Sports Ground	sports.sports_team.arena_stadium
m.0gx__n7	FC Ingolstadt 04 II	m.0c3r57	ISS Stadion	sports.sports_team.arena_stadium
m.0gk_v7_	Stomil Olsztyn	m.03bt01	Ohio Stadium	sports.sports_team.arena_stadium
m.0gg7zmp	Green Archers United F.C.	m.05zpr_p	DU Stadium	sports.sports_team.arena_stadium
m.0gck1h	Dunakanyar-Vác FC	m.0h95388	Szentmarjay Tibor Városi Stadion	sports.sports_team.arena_stadium
m.0dd8fz2	Herlev IF	m.0cg9g0	Haarlem Stadion	sports.sports_team.arena_stadium
m.0crfnjj	SC Toulon-Le Las	m.0ch80q	Stade Mayol	sports.sports_team.arena_stadium
m.0c3_zgf	FC Zürich Frauen	m.02_6ln	Letzigrund	sports.sports_team.arena_stadium
m.0c3x_pc	BÍ/Bolungarvík	m.0h7m_9y	Torfnesvöllur	sports.sports_team.arena_stadium
m.0c2_b2	Southampton F.C. Academy	m.03p_my	St Mary's Stadium	sports.sports_team.arena_stadium
m.0bk1rm	PFC Spartak Pleven	m.0b3gfg	Peden Stadium	sports.sports_team.arena_stadium
m.0b6kpcm	Al-Arabi	m.0dk4cc	Grand Hamad Stadium	sports.sports_team.arena_stadium
m.0b6gctt	Gostaresh Foolad F.C.	m.05zpr_p	DU Stadium	sports.sports_team.arena_stadium
m.0b4wr4	Lingfield F.C.	m.02rjrdw	Windsor Park Mall	sports.sports_team.arena_stadium
m.09v4919	Étoile FC	m.05zpr_p	DU Stadium	sports.sports_team.arena_stadium
m.08yp7p	Pors Grenland	m.07kb869	Pors Stadion	sports.sports_team.arena_stadium
m.080jxd3	Ala'ab Damanhour	m.0d0f0h	Damanhour Stadium	sports.sports_team.arena_stadium
m.07s8v0z	A.C. Milan Primavera	m.0gd726	CentrO	sports.sports_team.arena_stadium
m.06zk2mj	FC Biokhimik-Mordovia Saransk	m.025wg_b	Starý most	sports.sports_team.arena_stadium
m.06w4_1w	Goslarer SC 08	m.06_1_7q	J. S. Dorton Arena	sports.sports_team.arena_stadium
m.06_vjkz	FC Olimpia Volgograd	m.064n1t	Olympia	sports.sports_team.arena_stadium
m.06d65j	NK Bosna Visoko	m.0gd7c4	Gradski stadion Štip	sports.sports_team.arena_stadium
m.0642x17	Ria Stars F.C.	m.04cv1fx	Wa Sports Stadium	sports.sports_team.arena_stadium
m.064280x	Highlands Park F.C.	m.05zpr_p	DU Stadium	sports.sports_team.arena_stadium
m.05z_1jf	Alicante CF B	m.03yf_mn	Ciudad Deportiva	sports.sports_team.arena_stadium
m.05sy_rk	CD Ronda	m.02kkjn	Estádio Municipal de Braga	sports.sports_team.arena_stadium
m.04jnhl	CF Pachuca	m.06g0pt	Estadio Hidalgo	sports.sports_team.arena_stadium
m.04f3prm	FC Veszprém	m.0h95388	Szentmarjay Tibor Városi Stadion	sports.sports_team.arena_stadium
m.03ykmt6	San Francisco Glens	m.01_gsg	AT&T Park	sports.sports_team.arena_stadium
m.03t12x	Caledonian F.C.	m.052296	Caledonian Stadium	sports.sports_team.arena_stadium
m.03gv7hc	FC Dinamo-Juni Minsk	m.064pnfg	Traktor Sport Palace	sports.sports_team.arena_stadium
m.03ff7n	AC Allianssi	m.0c3r57	ISS Stadion	sports.sports_team.arena_stadium
m.02rphbk	NK Bjelovar	m.0h5t63	Gradski stadion	sports.sports_team.arena_stadium
m.02rm5x7	NK Belišće	m.0h5t63	Gradski stadion	sports.sports_team.arena_stadium
m.0283_kd	F.C. Ebedei	m.04088sq	Railway Stadium	sports.sports_team.arena_stadium
m.027z9x_	FK Liepājas Metalurgs-2	m.0h5_tn	Daugava Stadium	sports.sports_team.arena_stadium
m.026mlq_	NK Dravograd	m.07lj7	The Center	sports.sports_team.arena_stadium
m.01xn70y	Atenas De San Carlos	m.0bcv97	Estadio El Teniente	sports.sports_team.arena_stadium
m.01xn55l	Club Atlético Los Andes	m.08bwht	Estadio Ciudad de La Plata	sports.sports_team.arena_stadium
m.01xn3xb	Garankuwa United	m.05zpr_p	DU Stadium	sports.sports_team.arena_stadium
m.063_4tz	Southern Myanmar United FC	m.047cxn4	Forsyth Barr Stadium	sports.sports_team.arena_stadium
m.0fhqgw	Levanger FK	m.03cyy2x	Molde Idrettspark	sports.sports_team.arena_stadium
m.0dcvr3	FC Spartak Plovdiv	m.05zpr_p	DU Stadium	sports.sports_team.arena_stadium
m.0blb44	Club Portugalete	m.0dg7bd	Estadio Bicentenario de La Florida	sports.sports_team.arena_stadium
m.08ft2m	Karlsruher FV	m.08fk1j	Wildparkstadion	sports.sports_team.arena_stadium
m.061d_5	Club Atlético Atlanta	m.06fss3	Estadio León	sports.sports_team.arena_stadium
m.05zrx58	Fujieda MYFC	m.0d82dc	The Complex	sports.sports_team.arena_stadium
m.05q4ln8	TSV Amicitia Viernheim	m.02_ww3f	Waldstadion	sports.sports_team.arena_stadium
m.04krxp	Cobh Ramblers F.C.	m.05v6nsk	Car Park	sports.sports_team.arena_stadium
m.04f2nj4	FC Grün-Weiß Wolfen	m.09k6rhw	Jahnstadion	sports.sports_team.arena_stadium
m.04ctmbp	IK Skovbakken	m.0cr16t	Vejle Stadion	sports.sports_team.arena_stadium
m.03wfl_x	Sepahan Novin F.C.	m.07n3yv	Naghsh-e-Jahan Stadium	sports.sports_team.arena_stadium
m.03qn65c	Esporte Clube Itaúna	m.05khk0q	The Nova	sports.sports_team.arena_stadium
m.03np6nv	VfB Speldorf	m.0b0rnm	Ruhrstadion	sports.sports_team.arena_stadium
m.02vx4v6	NK Bratstvo Gračanica	m.0gd7c4	Gradski stadion Štip	sports.sports_team.arena_stadium
m.02rwzhh	Eintracht Nordhorn	m.0cgkyv	Eintracht-Stadion	sports.sports_team.arena_stadium
m.02qd75s	FC Eintracht Rheine	m.09bj0d	Moby Arena	sports.sports_team.arena_stadium
m.02psgzy	Ludwigsfelder FC	m.02_ww3f	Waldstadion	sports.sports_team.arena_stadium
m.026p5mg	FC Angusht Nazran	m.05zlhq1	Zentralstadion	sports.sports_team.arena_stadium
m.026bmrr	Limoges FC	m.0gh3n2	Stade Municipal	sports.sports_team.arena_stadium
m.06qft9	Ferro Carril Oeste	m.0b0rhs	Estadio Arquitecto Ricardo Etcheverry	sports.sports_team.arena_stadium
m.04vhl1	Bangor F.C.	m.05zpr_p	DU Stadium	sports.sports_team.arena_stadium
m.027722z	Raków Częstochowa	m.0py35x5	Stadion Miejski	sports.sports_team.arena_stadium
m.0gvkgr	Patriotas F.C.	m.0dg7py	Estadio La Independencia	sports.sports_team.arena_stadium
m.0gh7pl	Sur Club	m.0czdxhf	Arena Corinthians	sports.sports_team.arena_stadium
m.04dz7v5	NK Dob	m.05v6nsk	Car Park	sports.sports_team.arena_stadium
m.02rnnkb	HNŠK Moslavina	m.0h5t63	Gradski stadion	sports.sports_team.arena_stadium
m.064mjfk	MKS Kluczbork	m.0py35x5	Stadion Miejski	sports.sports_team.arena_stadium
m.04ybxfp	CS Turnu Severin	m.04ycp78	Stadionul CFR	sports.sports_team.arena_stadium
m.04vhw3	Donegal Celtic F.C.	m.0fvn8d	Donegal Celtic Park	sports.sports_team.arena_stadium
m.04ljf9p	NK Aluminij	m.05v6nsk	Car Park	sports.sports_team.arena_stadium
m.03c25sf	Pelikan Łowicz	m.0py35x5	Stadion Miejski	sports.sports_team.arena_stadium
m.02w9jx6	FC Poltava	m.0hrglwv	Lokomotiv Stadium	sports.sports_team.arena_stadium
m.01s78h	Newtown A.F.C.	m.01rmf4	Clapham Park	sports.sports_team.arena_stadium
m.0b2vfq	Darlington Railway Athletic F.C.	m.0c3_d5	The Darlington Arena	sports.sports_team.arena_stadium
m.04mwvp9	AS Police	m.0dgbwv	Stadion Police	sports.sports_team.arena_stadium
m.026m1j6	Al-Shoalah	m.0gj8_4w	Al-Shoalah Club Stadium	sports.sports_team.arena_stadium
m.0dkz5h	Culter F.C.	m.05v6nsk	Car Park	sports.sports_team.arena_stadium
m.0j4xr_c	Sarpsborg 08 FF	m.03d640g	Sarpsborg Stadion	sports.sports_team.arena_stadium
m.04kst0	Kilkenny City A.F.C.	m.0cnf7c	Buckley Park	sports.sports_team.arena_stadium
m.0gyvg1b	FC Avanhard Kramatorsk	m.0d_1q5	Avangard Stadium	sports.sports_team.arena_stadium
m.0gv74v	FK Berane	m.0h5t63	Gradski stadion	sports.sports_team.arena_stadium
m.0fhk1f	U.S.O. Calcio	m.0cv8nv	Stadio Giuseppe Sinigaglia	sports.sports_team.arena_stadium
m.0fgwfz	Lochee United F.C.	m.07r5gg	Thomond Park	sports.sports_team.arena_stadium
m.0dc_yp	FC Wiltz 71	m.0dkgkg	Stade Géitz	sports.sports_team.arena_stadium
m.0b__mnk	Barnet F.C. Ladies	m.080c3v8	Rice Stadium	sports.sports_team.arena_stadium
m.0b6y8z	Sunderland A.F.C. Women	m.05zpr_p	DU Stadium	sports.sports_team.arena_stadium
m.07s5_rw	ES FC Malley	m.02pctfb	The Centre	sports.sports_team.arena_stadium
m.067n_v	FK Budućnost Banovići	m.0h5t63	Gradski stadion	sports.sports_team.arena_stadium
m.0642bxj	Rayo Vallecano	m.04q7ns8	Campo de Fútbol de Vallecas	sports.sports_team.arena_stadium
m.04z_k4d	F.C. Machida Zelvia	m.03h3n25	Musashino Municipal Athletic Stadium	sports.sports_team.arena_stadium
m.04cyspf	NK Zvijezda Gradačac	m.05c2l7b	Banja Ilidža	sports.sports_team.arena_stadium
m.043rscl	Persepolis FSC	m.06x0cb	Azadi Stadium	sports.sports_team.arena_stadium
m.03y6d7y	Jarota Jarocin	m.0py35x5	Stadion Miejski	sports.sports_team.arena_stadium
m.03gvrzg	MIO Biwako Shiga	m.0h5l1j	Abovyan City Stadium	sports.sports_team.arena_stadium
m.03d1c8m	FC Savit Mogilev	m.0gc6x7	Torpedo Stadium	sports.sports_team.arena_stadium
m.02z63mh	Preston North End W.F.C.	m.035x4_	Deepdale	sports.sports_team.arena_stadium
m.02r_jly	CD Dénia	m.01ggjl	Camp Nou	sports.sports_team.arena_stadium
m.02qy2x2	FK Kozara Gradiška	m.0h5t63	Gradski stadion	sports.sports_team.arena_stadium
m.02qhc2s	Akwa United F.C.	m.05zpr_p	DU Stadium	sports.sports_team.arena_stadium
m.02php84	CE Constància	m.01ggjl	Camp Nou	sports.sports_team.arena_stadium
m.027zdd1	PFC Pirin Gotse Delchev	m.0h5t63	Gradski stadion	sports.sports_team.arena_stadium
m.026g7f4	Brøndby IF	m.07zwpz	Brøndby Stadium	sports.sports_team.arena_stadium
m.01rprf	Cefn Druids A.F.C.	m.08twxv	The Den	sports.sports_team.arena_stadium
m.0k0wt13	Southern District RSA	m.0k2xyn2	The Sports Ground	sports.sports_team.arena_stadium
m.0l8pk9z	VSI Tampa Bay FC	m.0grkt7	Plant City Stadium	sports.sports_team.arena_stadium
m.0gn8n9	BSG Wismut Gera	m.0c9nh5	Stadion der Freundschaft	sports.sports_team.arena_stadium
m.0dkbzj	Plateau United F.C.	m.05zpr_p	DU Stadium	sports.sports_team.arena_stadium
m.0c40bw7	SV Neulengbach	m.057729v	Riederwaldstadion	sports.sports_team.arena_stadium
m.0b8q_2	Golspie Sutherland F.C.	m.07kydq	King George V Park	sports.sports_team.arena_stadium
m.0b62rz	Gillingham Town F.C.	m.05zpr_p	DU Stadium	sports.sports_team.arena_stadium
m.0b1j_c	St Ives Town F.C.	m.0k2_792	Wheatsheaf Park	sports.sports_team.arena_stadium
m.09bd3m	Tynecastle F.C.	m.0cgnwt	Recreation Ground	sports.sports_team.arena_stadium
m.07hd8s	Preston Athletic F.C.	m.05v6nsk	Car Park	sports.sports_team.arena_stadium
m.06yhzj	Steinkjer FK	m.06yj1p	Guldbergaunet Stadion	sports.sports_team.arena_stadium
m.0692bg	IS Halmia	m.0bctx3	Örjans Vall	sports.sports_team.arena_stadium
m.064kvcc	FC Nordstern Basel	m.0h1h11x	Stadion Rankhof	sports.sports_team.arena_stadium
m.063_ns7	S.C. Sagamihara	m.0by0ql8	Sagamihara Asamizo Park Stadium	sports.sports_team.arena_stadium
m.06227j	Sport Benfica e Castelo Branco	m.08q2mh	Estádio Municipal de Aveiro	sports.sports_team.arena_stadium
m.05zjjcy	FC Pommern Stralsund	m.0c9nh5	Stadion der Freundschaft	sports.sports_team.arena_stadium
m.05f9j0v	Union Bank F.C.	m.05zpr_p	DU Stadium	sports.sports_team.arena_stadium
m.04q316g	SC Weismain-Obermain	m.02_ww3f	Waldstadion	sports.sports_team.arena_stadium
m.04jpm81	Sheffield United	m.03bsbq	Bramall Lane	sports.sports_team.arena_stadium
m.04g27mx	SVN Zweibrücken	m.06dztk	Westfalenstadion	sports.sports_team.arena_stadium
m.047ysj	Hammarby IF DFF	m.02vm6x0	Tele2 Arena	sports.sports_team.arena_stadium
m.03mht1l	SV Seligenporten	m.0265k00	Mays Arena	sports.sports_team.arena_stadium
m.03mggnm	Esporte Clube Internacional	m.07c74w	Estádio Beira-Rio	sports.sports_team.arena_stadium
m.03l833	Huntly F.C.	m.026k0_5	Christie Park	sports.sports_team.arena_stadium
m.03l81r	Forres Mechanics F.C.	m.0c54fn	Rossett Park	sports.sports_team.arena_stadium
m.03c756f	Accrington Stanley F.C.	m.05zpr_p	DU Stadium	sports.sports_team.arena_stadium
m.034xm1	Kvik Halden FK	m.04y8whq	Halden Stadion	sports.sports_team.arena_stadium
m.02x2cqj	Stavanger IF	m.0947rb	Viking Stadion	sports.sports_team.arena_stadium
m.02w6mg9	FC Eintracht Bamberg	m.05v6nsk	Car Park	sports.sports_team.arena_stadium
m.027gt9j	Mo IL	m.026hlsp	Stade de l'Unité Maghrébine	sports.sports_team.arena_stadium
m.026jxpp	Dumbarton Harp F.C.	m.05zpr_p	DU Stadium	sports.sports_team.arena_stadium
m.026c_tr	SR Colmar	m.066c46	Holman Stadium	sports.sports_team.arena_stadium
m.0h177m	S.L. Benfica	m.0327z9	Estádio da Luz	sports.sports_team.arena_stadium
m.0413h9v	FC Bagtyyarlyk-Lebap	m.05zpr_p	DU Stadium	sports.sports_team.arena_stadium
m.026yrcp	Zeytinburnuspor	m.0h6676w	Zeytinburnu Stadium	sports.sports_team.arena_stadium
m.026_yrh	Hatayspor	m.0f01t2	Antalya Atatürk Stadium	sports.sports_team.arena_stadium
m.0h059v	FC Torpedo Zaporizhya	m.026jphw	NAC Stadion	sports.sports_team.arena_stadium
m.0d8dwl	HNK Segesta	m.0h5t63	Gradski stadion	sports.sports_team.arena_stadium
m.0vpnq29	Cardiff City FC	m.03h0pyc	City Stadium	sports.sports_team.arena_stadium
m.0hrdwys	Brikama United	m.05zpr_p	DU Stadium	sports.sports_team.arena_stadium
m.0fjttv	A.S.D. Cagliese Calcio	m.0btk9y	Stadio Comunale	sports.sports_team.arena_stadium
m.076tsyf	NK Dugopolje	m.0bx_r0s	Stadion Hrvatski vitezovi	sports.sports_team.arena_stadium
m.05zt68t	Sporting Villanueva Promesas	m.0gh3n2	Stade Municipal	sports.sports_team.arena_stadium
m.04jmqt8	Pasargad F.C.	m.05zpr_p	DU Stadium	sports.sports_team.arena_stadium
m.02r4tbs	FC Delta Tulcea	m.09xzhw	Delta Stadium	sports.sports_team.arena_stadium
m.0by0902	Durban United F.C.	m.05v6nsk	Car Park	sports.sports_team.arena_stadium
m.03d4k4w	Siarka Tarnobrzeg	m.0py35x5	Stadion Miejski	sports.sports_team.arena_stadium
m.0h73l1	Sheffield Wednesday Womens F.C.	m.06_d_yz	Hillsborough	sports.sports_team.arena_stadium
m.0gpr1z	Newcastle United W.F.C.	m.0k2_b2p	St James Park	sports.sports_team.arena_stadium
m.0cxstw	Crystal Palace L.F.C.	m.0328hf	Selhurst Park	sports.sports_team.arena_stadium
m.0by1xjn	Rotherham United L.F.C.	m.0b6fb8b	New York Stadium	sports.sports_team.arena_stadium
m.0b85n0	Charlton Athletic L.F.C.	m.03y3ks	The Valley	sports.sports_team.arena_stadium
m.076t4v0	F.C. Aprilia	m.027442k	Stadio Enzo Ricci	sports.sports_team.arena_stadium
m.0711q3	Cork Celtic F.C.	m.07rq60	Celtic Park	sports.sports_team.arena_stadium
m.07117g	Cork Hibernians F.C.	m.0fz0pv	Hibernians Ground	sports.sports_team.arena_stadium
m.04y94bg	Yeovil Town L.F.C.	m.07l7r9	Huish Park	sports.sports_team.arena_stadium
m.04vr1w	Banbridge Town F.C.	m.0ft_xf	Station Road, Swinton	sports.sports_team.arena_stadium
m.04vh8h	Ballinamallard United F.C.	m.064lvt4	Werner Park	sports.sports_team.arena_stadium
m.04jfmcb	Virtus Entella	m.0btk9y	Stadio Comunale	sports.sports_team.arena_stadium
m.0404g51	Nakhon Ratchasima F.C.	m.05mwk7y	80th Birthday Stadium	sports.sports_team.arena_stadium
m.02z3m3k	Plymouth Argyle L.F.C.	m.04ywhg	Home Park	sports.sports_team.arena_stadium
m.02vp8_r	Aston Villa L.F.C.	m.02k_jb	Villa Park	sports.sports_team.arena_stadium
m.02r8ffz	HNK Vukovar '91	m.0h5t63	Gradski stadion	sports.sports_team.arena_stadium
m.02qc50q	B71 Sandoy	m.0278c6b	Inni í Dal	sports.sports_team.arena_stadium
m.0n5wr0n	Shenzhen Fengpeng F.C.	m.04crv36	New Shenzhen Stadium	sports.sports_team.arena_stadium
m.0h3pbjj	AEK Kouklia F.C.	m.05zpr_p	DU Stadium	sports.sports_team.arena_stadium
m.0ds1s3n	FC Kuusysi	m.04y8whq	Halden Stadion	sports.sports_team.arena_stadium
m.08xfc3	FC Olimpia Satu Mare	m.04d_21d	Stadionul Olimpia	sports.sports_team.arena_stadium
m.08gcc2	Follo FK	m.03cs4cm	Ski Stadion	sports.sports_team.arena_stadium
m.05mw2m2	FC Kiisto	m.0c3rh2	Hietalahti Stadium	sports.sports_team.arena_stadium
m.05fwkd	Dagenham F.C.	m.0g9l2w	Victoria Road	sports.sports_team.arena_stadium
m.04lh15l	Győri ETO FC II	m.03cg8tx	ETO Park	sports.sports_team.arena_stadium
m.03cfcmr	Melita F.C.	m.0268cc0	Centenario Stadium	sports.sports_team.arena_stadium
m.026gm71	FC Bourg-Péronnas	m.0gh3n2	Stade Municipal	sports.sports_team.arena_stadium
m.025thnp	Club Deportivo Guadalajara	m.0d0cn4	Estadio Omnilife	sports.sports_team.arena_stadium
m.0gcdck	FC Ajax Lasnamäe	m.05zpr_p	DU Stadium	sports.sports_team.arena_stadium
m.02x2kft	FK Big Bull Radnički	m.0h5t63	Gradski stadion	sports.sports_team.arena_stadium
m.028c395	Tranmere Rovers L.F.C.	m.0bt7g7	Prenton Park	sports.sports_team.arena_stadium
m.01xn623	Arte Takasaki	m.05zpr_p	DU Stadium	sports.sports_team.arena_stadium
m.01xn4bj	Kamatamare Sanuki	m.05v6nsk	Car Park	sports.sports_team.arena_stadium
m.027n_qh	Ottawa Fury Women	m.03b7z1	Frank Clair Stadium	sports.sports_team.arena_stadium
m.07hdd8	Hawick Royal Albert F.C.	m.04ct1d3	Albert Park tunnels	sports.sports_team.arena_stadium
m.07hdcy	Gala Fairydean F.C.	m.061_10	Netherdale	sports.sports_team.arena_stadium
m.065_vck	A.C. Milan	m.0gd726	CentrO	sports.sports_team.arena_stadium
m.0hrfgwq	FC Utrecht	m.048jh2	Stadion Galgenwaard	sports.sports_team.arena_stadium
m.0hqzp9v	AS Port	m.084ljv	Vale Park	sports.sports_team.arena_stadium
m.0hhtl1y	Esteghlal FSC	m.06x0cb	Azadi Stadium	sports.sports_team.arena_stadium
m.0h7pypl	SD Eibar	m.0bv688	Ipurua Municipal Stadium	sports.sports_team.arena_stadium
m.0h640c4	Hércules CF	m.0b8v4q	Estadio José Rico Pérez	sports.sports_team.arena_stadium
m.0h54sp7	FC Twente	m.03fkvl	De Grolsch Veste	sports.sports_team.arena_stadium
m.0h3xzl3	U.S.D. Calcio Delta Porto Tolle	m.0btk9y	Stadio Comunale	sports.sports_team.arena_stadium
m.0h3wyrp	Real Sociedad	m.08lt7_	Anoeta Stadium	sports.sports_team.arena_stadium
m.0h3tjt5	A.S.D.C. Gozzano	m.0btk9y	Stadio Comunale	sports.sports_team.arena_stadium
m.0h3q1qx	Falkirk L.F.C.	m.041m7v	Falmer Stadium	sports.sports_team.arena_stadium
m.0h3nc21	NK Podravac	m.05v6nsk	Car Park	sports.sports_team.arena_stadium
m.0gx0b9y	Tigers FC	m.09s80j	Kamuzu Stadium	sports.sports_team.arena_stadium
m.0gkz5z8	Atlético Venezuela	m.08dzng	Ciudad Universitaria	sports.sports_team.arena_stadium
m.0gjczgb	FK ŠKP Inter Dúbravka Bratislava	m.0dgds_	Štadión Pasienky	sports.sports_team.arena_stadium
m.0g9wwzt	San Fernando CD	m.05p921w	Estadio Bahía Sur	sports.sports_team.arena_stadium
m.0g9vncc	Arroyo CP	m.02kx3_d	Arroyo	sports.sports_team.arena_stadium
m.0fqn7w1	A.C. Nagano Parceiro	m.0grw92	All Sports Stadium	sports.sports_team.arena_stadium
m.0fjyjy	Kelty Hearts F.C.	m.0bx885	Central Park	sports.sports_team.arena_stadium
m.0fb8cx	Académica	m.03yl39	Estádio Cidade de Coimbra	sports.sports_team.arena_stadium
m.0f9l3x	Botafogo	m.0d0cq6	Estádio Olímpico João Havelange	sports.sports_team.arena_stadium
m.0dlzy9	Hermes F.C.	m.05v6nsk	Car Park	sports.sports_team.arena_stadium
m.0dkz1n	Banks O' Dee F.C.	m.0bv2hm	Stair Park	sports.sports_team.arena_stadium
m.0dh7lh	Club Cerro Porteño	m.0c0092	Estadio General Pablo Rojas	sports.sports_team.arena_stadium
m.0ddf51b	Fraserburgh United F.C.	m.05v6nsk	Car Park	sports.sports_team.arena_stadium
m.0ddf0kf	Ellon United F.C.	m.09s80j	Kamuzu Stadium	sports.sports_team.arena_stadium
m.0dbct5	Doncaster Rovers Belles L.F.C.	m.0c3mxg	Keepmoat Stadium	sports.sports_team.arena_stadium
m.0cccx8	FC Dnipro Cherkasy	m.05zlhq1	Zentralstadion	sports.sports_team.arena_stadium
m.0c3zg0c	SV Gmunden	m.07dq6k	SAP Arena	sports.sports_team.arena_stadium
m.0c3w9p9	Wolverhampton Wanderers W.F.C.	m.01mx9z	Molineux Stadium	sports.sports_team.arena_stadium
m.0bs0zbl	Derby County L.F.C.	m.02ms4r	Pride Park Stadium	sports.sports_team.arena_stadium
m.0bmfzkq	Leicester City W.F.C.	m.05zpr_p	DU Stadium	sports.sports_team.arena_stadium
m.0b75lrh	Dinamo-2 Moscow	m.05c1801	Arena Khimki	sports.sports_team.arena_stadium
m.0b6nf7r	Al-Ahli	m.0ddh5vg	King Abdullah Sports City	sports.sports_team.arena_stadium
m.0b6g2s2	Panthères FC	m.02z9b0q	Nuevo Estadio de Malabo	sports.sports_team.arena_stadium
m.0b2srd	West Allotment Celtic F.C.	m.02prm7f	Witley Park	sports.sports_team.arena_stadium
m.09xknf	Cambridge FC	m.05v6nsk	Car Park	sports.sports_team.arena_stadium
m.09xjf5	Ellerslie AFC	m.03y7rhh	Avenue	sports.sports_team.arena_stadium
m.09xhg2	Nomads United	m.05v6nsk	Car Park	sports.sports_team.arena_stadium
m.09xgwj	Rangers A.F.C.	m.02kczl	Ibrox Stadium	sports.sports_team.arena_stadium
m.09gkbg7	Athletic Club	m.06f782	Stade Mohamed V	sports.sports_team.arena_stadium
m.09gfy0n	Tochigi Uva F.C.	m.03h0pyc	City Stadium	sports.sports_team.arena_stadium
m.09gb1c4	Montpellier HSC	m.098zcl	Stade de la Mosson	sports.sports_team.arena_stadium
m.09g8mzj	Zweigen Kanazawa	m.05zpr_p	DU Stadium	sports.sports_team.arena_stadium
m.080nx6w	FC Anzhi-Bekenez Makhachkala	m.0dkw7s	Anzhi-Arena	sports.sports_team.arena_stadium
m.080km5g	FC Barcelona	m.01ggjl	Camp Nou	sports.sports_team.arena_stadium
m.0808lyd	FC Serrières	m.0ds_vb	The Pierre	sports.sports_team.arena_stadium
m.07scffh	NK Zelina	m.0h5t63	Gradski stadion	sports.sports_team.arena_stadium
m.07sbmt8	A.S. Castel Rigone	m.0dhh4l	San Bartolomeo, Venice	sports.sports_team.arena_stadium
m.07l2pq	FC Spartak Semey	m.0gc6mz	Spartak Stadium	sports.sports_team.arena_stadium
m.07kfy8x	Urawa Red Diamonds Ladies	m.05lyn2	Saitama Stadium 2002	sports.sports_team.arena_stadium
m.076zxtc	Warrenpoint Town F.C.	m.05v6nsk	Car Park	sports.sports_team.arena_stadium
m.06zrwn9	Blarney United F.C.	m.05v6nsk	Car Park	sports.sports_team.arena_stadium
m.06xkc0	CS Pétange	m.0dkgpb	Stade Municipal, Pétange	sports.sports_team.arena_stadium
m.064tfv	Sagawa Express Osaka S.C.	m.0980mz	Nagai Stadium	sports.sports_team.arena_stadium
m.0640pgn	Levante UD	m.0bv6fx	Estadi Ciutat de València	sports.sports_team.arena_stadium
m.05t0b7t	Swindon Town F.C. Reserves and Youth	m.0bqjsp	County Ground	sports.sports_team.arena_stadium
m.05s_wc4	UCAM Murcia CF	m.0d0ckb	Estadio Nueva Condomina	sports.sports_team.arena_stadium
m.05pcc33	Kastamonuspor	m.05q9pnb	Kastamonu Gazi Stadium	sports.sports_team.arena_stadium
m.05my8y6	FC Margveti Zestafoni	m.0gchq3	David Abashidze Stadium	sports.sports_team.arena_stadium
m.05mv0hb	Seoul FC Martyrs	m.024hft	Seoul World Cup Stadium	sports.sports_team.arena_stadium
m.05f93_j	Eagles F.C.	m.0d17zv	Moses Mabhida Stadium	sports.sports_team.arena_stadium
m.05c1lfd	Arandina CF	m.0drl1	Monticello	sports.sports_team.arena_stadium
m.05b8gz	HNK Orašje	m.0h5t63	Gradski stadion	sports.sports_team.arena_stadium
m.051vyql	V-Varen Nagasaki	m.0h1gz5c	Nagasaki Athletic Stadium	sports.sports_team.arena_stadium
m.050qyl	Tampa Bay Rowdies	m.066c4y	George M. Steinbrenner Field	sports.sports_team.arena_stadium
m.04zww9l	Malahide United F.C.	m.03cf3sc	Gatton Park	sports.sports_team.arena_stadium
m.04ydhw5	Dundee United F.C. Under-19s	m.03grxs	Tannadice Park	sports.sports_team.arena_stadium
m.04vrgl	Oxford United Stars F.C.	m.05zpr_p	DU Stadium	sports.sports_team.arena_stadium
m.04q8wk9	FC Guria Lanchkhuti	m.05zpr_p	DU Stadium	sports.sports_team.arena_stadium
m.04f3w9n	PFC Levski Sofia B	m.09dqcv	Georgi Asparuhov Stadium	sports.sports_team.arena_stadium
m.04dz99t	Southland Spirit FC	m.0cd6dv	Rugby Park Stadium	sports.sports_team.arena_stadium
m.04cyh1h	Gateway United F.C.	m.0cnf6p	Eamonn Deacy Park	sports.sports_team.arena_stadium
m.047lzbr	FK Balkan Skopje	m.027jz8j	Balkanabat Stadium	sports.sports_team.arena_stadium
m.043kqzt	FC Polotsk	m.0gc6mz	Spartak Stadium	sports.sports_team.arena_stadium
m.043jvmq	West Ham United L.F.C.	m.05v6nsk	Car Park	sports.sports_team.arena_stadium
m.040534_	FC Obolon-2 Kyiv	m.027zkr0	Obolon	sports.sports_team.arena_stadium
m.0404khp	Satun United F.C.	m.03ckxhx	Wuhu Olympic Stadium	sports.sports_team.arena_stadium
m.03wgk_n	JEF United Ichihara Chiba Reserves	m.05zpr_p	DU Stadium	sports.sports_team.arena_stadium
m.03wb21_	Garw Athletic F.C.	m.0k2nw5w	Rush Green Stadium	sports.sports_team.arena_stadium
m.03t25j	Albion Rovers F.C.	m.0dl2nf	Cliftonhill	sports.sports_team.arena_stadium
m.03h4th8	Sagawa Shiga F.C.	m.05zpr_p	DU Stadium	sports.sports_team.arena_stadium
m.03cvv0k	Bucheon FC 1995	m.05s_6k3	Chuncheon Stadium	sports.sports_team.arena_stadium
m.03cdw0m	Thistle F.C.	m.06d_4q	Cahill Stadium	sports.sports_team.arena_stadium
m.03bymq	Dundela F.C.	m.03gr_b	Dens Park	sports.sports_team.arena_stadium
m.0324pd	Szczakowianka Jaworzno	m.0py35x5	Stadion Miejski	sports.sports_team.arena_stadium
m.02z1qnd	Al-Shabab SC	m.026jl0t	Khalid Bin Mohammed Stadium	sports.sports_team.arena_stadium
m.02wyh97	FK Timok Zaječar	m.0h5t63	Gradski stadion	sports.sports_team.arena_stadium
m.02w209w	NK Vrbovec	m.0h5t63	Gradski stadion	sports.sports_team.arena_stadium
m.02w1_tl	NK Slavonija Požega	m.0h5t63	Gradski stadion	sports.sports_team.arena_stadium
m.02vp2r7	Unión Lara	m.0fhb75	Estadio Metropolitano de Fútbol de Lara	sports.sports_team.arena_stadium
m.02rys1t	A.S.D. Quarto	m.0btk9y	Stadio Comunale	sports.sports_team.arena_stadium
m.02rsx71	FK Ohrid	m.06w5m0c	SRC Biljanini Izvori	sports.sports_team.arena_stadium
m.02rnns6	NK Koprivnica	m.0h5t63	Gradski stadion	sports.sports_team.arena_stadium
m.02rngwj	Beira-Mar	m.08q2mh	Estádio Municipal de Aveiro	sports.sports_team.arena_stadium
m.02rmdlf	Scorpions	m.0dlkff9	Heroes Stadium	sports.sports_team.arena_stadium
m.02rj25	RCD Espanyol de Barcelona	m.09kjsz	Bowers Stadium	sports.sports_team.arena_stadium
m.02rhxbj	Daegu Korea Powertrain FC	m.03d1m2n	Haeju Stadium	sports.sports_team.arena_stadium
m.02r6gcr	Knockbreda F.C.	m.05v6nsk	Car Park	sports.sports_team.arena_stadium
m.02r3xzr	Watford L.F.C.	m.08d6nj	Vicarage Road	sports.sports_team.arena_stadium
m.02r02zz	Colchester United L.F.C.	m.05zpr_p	DU Stadium	sports.sports_team.arena_stadium
m.02q0009	FC Lootus Kohtla-Järve	m.02z2cmt	Kohtla-Järve Spordikeskuse staadion	sports.sports_team.arena_stadium
m.02pjntf	B-67	m.07d3y5	Peter Mokaba Stadium	sports.sports_team.arena_stadium
m.027sjxv	Dundonald Bluebell F.C.	m.02rw5nn	Woodside Park	sports.sports_team.arena_stadium
m.027qpvk	Sporting	m.03bhvr	Estádio José Alvalade	sports.sports_team.arena_stadium
m.0276dfc	Barcelona	m.0k2h_6j	La Ciutat Esportiva	sports.sports_team.arena_stadium
m.027_6d2	Beira-Mar	m.08q2mh	Estádio Municipal de Aveiro	sports.sports_team.arena_stadium
m.026vdlj	Al-Shahaniya Sports Club	m.0bpx6s	Pamir Stadium	sports.sports_team.arena_stadium
m.026rg5p	Hakoah Sydney City East FC	m.02l3gv	Allianz Stadium	sports.sports_team.arena_stadium
m.026gc8n	Real Madriz	m.01gxlt	Santiago Bernabéu Stadium	sports.sports_team.arena_stadium
m.026gc7m	Deportivo Jalapa	m.061v46	Estadio Mateo Flores	sports.sports_team.arena_stadium
m.026g163	Academy FC	m.0k2tnk2	Merksworth Park	sports.sports_team.arena_stadium
m.026dbh1	Portsmouth F.C. Ladies	m.03v0d1	Fratton Park	sports.sports_team.arena_stadium
m.025rqyv	Shelbourne United F.C.	m.0674vj	Tolka Park	sports.sports_team.arena_stadium
m.01xn6kh	Uşakspor	m.04664rx	19 Eylül Stadium	sports.sports_team.arena_stadium
m.01xn68w	Honda F.C.	m.05zpr_p	DU Stadium	sports.sports_team.arena_stadium
m.01xn67c	Ryutsu Keizai University F.C.	m.05zpr_p	DU Stadium	sports.sports_team.arena_stadium
m.01xn66m	Honda Lock S.C.	m.05zpr_p	DU Stadium	sports.sports_team.arena_stadium
m.01xn64r	AFC Wimbledon Ladies	m.04s6pk	Kingsmeadow	sports.sports_team.arena_stadium
m.01xn62w	Sony Sendai F.C.	m.05zpr_p	DU Stadium	sports.sports_team.arena_stadium
m.04635tj	Crusaders F.C.	m.0g0x1f	Seaview	sports.sports_team.arena_stadium
m.02pmphd	Civil Service F.C.	m.0k2xz2y	Edinburgh Area Civil Service Sports Association	sports.sports_team.arena_stadium
m.07s75wv	Toronto Irish F.C.	m.08wgfx	BMO Field	sports.sports_team.arena_stadium
m.0kkgpb3	Pezoporikos Larnaca FC	m.05zpr_p	DU Stadium	sports.sports_team.arena_stadium
m.0hr69f_	1. FC Slovácko	m.0gygyv	Mestský štadión	sports.sports_team.arena_stadium
m.02qnc0n	Chester RUFC	m.09xzhw	Delta Stadium	sports.sports_team.arena_stadium
m.027j0_c	Sorell Football Club	m.0cgnt1	Belle Vue	sports.sports_team.arena_stadium
m.026jffn	City of Derry R.F.C.	m.06fp6b	Brandywell Stadium	sports.sports_team.arena_stadium